#
# A fatal error has been detected by the Java Runtime Environment:
#
#  SIGSEGV (0xb) at pc=0x00007f8a54871898, pid=1, tid=265
#
# JRE version: OpenJDK Runtime Environment (21.0.8+9) (build 21.0.8+9-Ubuntu-0ubuntu122.04.1)
# Java VM: OpenJDK 64-Bit Server VM (21.0.8+9-Ubuntu-0ubuntu122.04.1, mixed mode, sharing, tiered, compressed oops, compressed class ptrs, g1 gc, linux-amd64)
# Problematic frame:
# C  [libc.so.6+0x28898]  abort+0x178
#
# Core dump will be written. Default location: /app/core.1
#
# If you would like to submit a bug report, please visit:
#   https://bugs.launchpad.net/ubuntu/+source/openjdk-21
# The crash happened outside the Java Virtual Machine in native code.
# See problematic frame for where to report the bug.
#

---------------  S U M M A R Y ------------

Command Line: -Djava.util.logging.level=FINE -Djava.util.logging.ConsoleHandler.level=FINE odm-gtk/target/odm-gtk-0.1.0-SNAPSHOT-jar-with-dependencies.jar

Host: 12th Gen Intel(R) Core(TM) i9-12900KF, 24 cores, 62G, Ubuntu 22.04.5 LTS
Time: Sat Aug 30 14:41:54 2025 UTC elapsed time: 128.267184 seconds (0d 0h 2m 8s)

---------------  T H R E A D  ---------------

Current thread (0x00007f894c0035f0):  JavaThread "pool-1-thread-1"        [_thread_in_native, id=265, stack(0x00007f897ebfb000,0x00007f897ecfb000) (1024K)]

Stack: [0x00007f897ebfb000,0x00007f897ecfb000],  sp=0x00007f897ecf7590,  free space=1009k
Native frames: (J=compiled Java code, j=interpreted, Vv=VM code, C=native code)
C  [libc.so.6+0x28898]  abort+0x178
Java frames: (J=compiled Java code, j=interpreted, Vv=VM code)
J 1711  com.sun.jna.Native.invokeVoid(Lcom/sun/jna/Function;JI[Ljava/lang/Object;)V (0 bytes) @ 0x00007f8a3c5fa321 [0x00007f8a3c5fa2a0+0x0000000000000081]
J 1986 c2 com.sun.jna.Function.invoke([Ljava/lang/Object;Ljava/lang/Class;ZI)Ljava/lang/Object; (771 bytes) @ 0x00007f8a3c6309f0 [0x00007f8a3c630980+0x0000000000000070]
J 1924 c2 com.sun.jna.Function.invoke(Ljava/lang/reflect/Method;[Ljava/lang/Class;Ljava/lang/Class;[Ljava/lang/Object;Ljava/util/Map;)Ljava/lang/Object; (548 bytes) @ 0x00007f8a3c620adc [0x00007f8a3c6201a0+0x000000000000093c]
J 1985 c2 com.sun.jna.Library$Handler.invoke(Ljava/lang/Object;Ljava/lang/reflect/Method;[Ljava/lang/Object;)Ljava/lang/Object; (394 bytes) @ 0x00007f8a3c62d970 [0x00007f8a3c62d340+0x0000000000000630]
J 2449 c1 jdk.proxy1.$Proxy1.gtk_list_store_set(Lcom/sun/jna/Pointer;Lcom/sun/jna/Pointer;ILjava/lang/Object;I)V jdk.proxy1 (58 bytes) @ 0x00007f8a34e846bc [0x00007f8a34e83b00+0x0000000000000bbc]
j  org.jgtk.GladeUI.listStoreSetValue(Lcom/sun/jna/Pointer;Lcom/sun/jna/Pointer;ILjava/lang/Object;)V+148
j  org.odm.ui.service.MainWindowService.updateCategoryListStoreCounts(Lcom/sun/jna/Pointer;Ljava/util/Map;)V+116
j  org.odm.ui.service.MainWindowService.updateListStoreCounts(Lcom/sun/jna/Pointer;Ljava/util/Map;Ljava/lang/String;)V+29
j  org.odm.ui.service.MainWindowService.updateCategoryTreeCounts(Ljava/util/Map;)V+21
j  org.odm.ui.service.MainWindowService.updateCategoryCounts()V+234
j  org.odm.ui.service.MainWindowService.refreshDownloadList(Z)V+171
j  org.odm.ui.service.MainWindowService.refreshDownloadList()V+2
j  org.odm.ui.service.MainWindowService.onDownloadUpdated(Lorg/manager/download/Download;)V+1
j  org.odm.ui.service.core.DownloadCoordinatorService.notifyDownloadUpdated(Lorg/manager/download/Download;)V+31
j  org.odm.ui.service.core.DownloadCoordinatorService.onDownloadProgress(Lorg/manager/download/Download;FJJF)V+13
j  org.manager.download.DownloadManagerImpl.notifyDownloadProgress(Lorg/manager/download/Download;FJJF)V+42
j  org.manager.download.DownloadManagerImpl$ReusableDownloadListener.onDownloadProgress(Lorg/manager/download/Download;FJJF)V+11
j  org.manager.download.handler.AbstractDownloadHandler.notifyDownloadProgress(Lorg/manager/download/Download;FJJF)V+42
j  org.manager.download.handler.Aria2DownloadHandler.processProgressUpdate(Ljava/lang/String;Ljava/lang/String;Ljava/util/Map;)V+205
j  org.manager.download.handler.Aria2DownloadHandler.pollDownloadProgress(Ljava/lang/String;)V+73
j  org.manager.download.handler.Aria2DownloadHandler.lambda$startProgressPolling$4(Ljava/lang/String;)V+2
j  org.manager.download.handler.Aria2DownloadHandler$$Lambda+0x00007f89c41cf960.run()V+8
j  java.util.concurrent.Executors$RunnableAdapter.call()Ljava/lang/Object;+4 java.base@21.0.8
j  java.util.concurrent.FutureTask.runAndReset()Z+44 java.base@21.0.8
j  java.util.concurrent.ScheduledThreadPoolExecutor$ScheduledFutureTask.run()V+35 java.base@21.0.8
j  java.util.concurrent.ThreadPoolExecutor.runWorker(Ljava/util/concurrent/ThreadPoolExecutor$Worker;)V+92 java.base@21.0.8
j  java.util.concurrent.ThreadPoolExecutor$Worker.run()V+5 java.base@21.0.8
j  java.lang.Thread.runWith(Ljava/lang/Object;Ljava/lang/Runnable;)V+5 java.base@21.0.8
j  java.lang.Thread.run()V+19 java.base@21.0.8
v  ~StubRoutines::call_stub 0x00007f8a3be32cc6

siginfo: si_signo: 11 (SIGSEGV), si_code: 128 (SI_KERNEL), si_addr: 0x0000000000000000

Registers:
RAX=0x0000000000000000, RBX=0x00007f897ecfa640, RCX=0x00007f8a548df9fc, RDX=0x0000000000000006
RSP=0x00007f897ecf7590, RBP=0x00007f8a54a64e90, RSI=0x0000000000000109, RDI=0x0000000000000001
R8 =0x0000000000000000, R9 =0x0000000000000000, R10=0x0000000000000008, R11=0x0000000000000246
R12=0x00007f89bc008000, R13=0x00007f897ecf76f0, R14=0x0000000000000001, R15=0x0000000000000001
RIP=0x00007f8a54871898, EFLAGS=0x0000000000010246, CSGSFS=0x002b000000000033, ERR=0x0000000000000000
  TRAPNO=0x000000000000000d

XMM[0]=0x0000000000000000 0xffffffffffffffff
XMM[1]=0x0000000000000000 0x0000000000000000
XMM[2]=0x0000000000000000 0x0000000000000000
XMM[3]=0x0000000000000000 0x0000000000000000
XMM[4]=0x0000000000000000 0x0000000000000000
XMM[5]=0x0000000000000000 0x0000000000000000
XMM[6]=0x0000000000000000 0x0000000000000000
XMM[7]=0x0000000000000000 0x0000000000000000
XMM[8]=0x6c6120746f6e6e61 0x43203a646d637200
XMM[9]=0x0000000000000000 0x0000000000000000
XMM[10]=0x0000000000000000 0x0000000000000000
XMM[11]=0x0000000000000000 0x00000000000000a4
XMM[12]=0x0000000000000000 0x0000000000000000
XMM[13]=0x0000000000000000 0x3bf66a25ff773e50
XMM[14]=0x0000000000000000 0xbc0ae0d22a4f633b
XMM[15]=0x0000000000000000 0x3fe9e3779b97f4a7
  MXCSR=0x00001fa7


Register to memory mapping:

RAX=0x0 is null
RBX=0x00007f897ecfa640 is pointing into the stack for thread: 0x00007f894c0035f0
RCX=0x00007f8a548df9fc: pthread_kill+0x000000000000012c in /lib/x86_64-linux-gnu/libc.so.6 at 0x00007f8a54849000
RDX=0x0000000000000006 is an unknown value
RSP=0x00007f897ecf7590 is pointing into the stack for thread: 0x00007f894c0035f0
RBP=0x00007f8a54a64e90: <offset 0x000000000021be90> in /lib/x86_64-linux-gnu/libc.so.6 at 0x00007f8a54849000
RSI=0x0000000000000109 is an unknown value
RDI=0x0000000000000001 is an unknown value
R8 =0x0 is null
R9 =0x0 is null
R10=0x0000000000000008 is an unknown value
R11=0x0000000000000246 is an unknown value
R12=0x00007f89bc008000 points into unknown readable memory: 0x62756f6400001000 | 00 10 00 00 64 6f 75 62
R13=0x00007f897ecf76f0 is pointing into the stack for thread: 0x00007f894c0035f0
R14=0x0000000000000001 is an unknown value
R15=0x0000000000000001 is an unknown value

Top of Stack: (sp=0x00007f897ecf7590)
0x00007f897ecf7590:   0000000000000020 0000000000000002
0x00007f897ecf75a0:   00007f8a4c861120 000000000000000b
0x00007f897ecf75b0:   00007f897ecf75e0 b7b5b4906e38ef00
0x00007f897ecf75c0:   00007f897ecf7760 00007f897ecf7718
0x00007f897ecf75d0:   00007f8a4c85a440 00007f897ecf7718
0x00007f897ecf75e0:   00007f8a10d2f128 0000000000000000
0x00007f897ecf75f0:   00007f8a4c276860 00007f8a10d02863
0x00007f897ecf7600:   0000003000000018 00007f897ecf76e0
0x00007f897ecf7610:   0000000000000000 ffffffffffffffff
0x00007f897ecf7620:   0000000000000000 0000000000000000
0x00007f897ecf7630:   0000000000000000 0000000000000000
0x00007f897ecf7640:   0000000000000000 0000000000000000
0x00007f897ecf7650:   0000000000000000 0000000000000000
0x00007f897ecf7660:   0000000000000000 0000000000000000
0x00007f897ecf7670:   0000000000000000 0000000000000000
0x00007f897ecf7680:   0000000000000000 0000000000000000
0x00007f897ecf7690:   0000000000000000 0000000000000000
0x00007f897ecf76a0:   0000000000000000 b7b5b4906e38ef00
0x00007f897ecf76b0:   0000000000000000 00007f897ecf76f0
0x00007f897ecf76c0:   00007f897ecf77d0 00007f8a548d2677
0x00007f897ecf76d0:   00007f8a54a27748 0000000000000023
0x00007f897ecf76e0:   00007f8a54a24b79 0000000000000001
0x00007f897ecf76f0:   0000000000000001 00007f8a4c276860
0x00007f897ecf7700:   00007f8a54a24b79 0000000000000001
0x00007f897ecf7710:   00007f897ecf7720 00007f8a548d246e
0x00007f897ecf7720:   00007f8a54a27748 0000000000000023
0x00007f897ecf7730:   0000000000000000 00007f8a548d251c
0x00007f897ecf7740:   00007f8a10d2f128 00007f8a54a27748
0x00007f897ecf7750:   00007f8a00000018 00007f897ecf77e0
0x00007f897ecf7760:   00007f897ecf7770 b7b5b4906e38ef00
0x00007f897ecf7770:   00007f8a4c276860 0000000000000000
0x00007f897ecf7780:   00007f8a54a27748 00007f8950000040 

Instructions: (pc=0x00007f8a54871898)
0x00007f8a54871798:   00 00 48 c7 04 24 20 00 00 00 e8 69 9f 01 00 8b
0x00007f8a548717a8:   05 f3 36 1f 00 83 f8 01 75 7b c7 05 e4 36 1f 00
0x00007f8a548717b8:   00 00 00 00 8b 05 d2 36 1f 00 ff c8 89 05 ca 36
0x00007f8a548717c8:   1f 00 75 1d 48 c7 05 c1 36 1f 00 00 00 00 00 87
0x00007f8a548717d8:   05 b3 36 1f 00 ff c8 7e 08 48 89 ef e8 17 8b 06
0x00007f8a548717e8:   00 bf 06 00 00 00 e8 6d 9c 01 00 64 48 8b 1c 25
0x00007f8a548717f8:   10 00 00 00 48 39 1d 95 36 1f 00 74 20 31 c0 ba
0x00007f8a54871808:   01 00 00 00 f0 0f b1 15 7c 36 1f 00 74 08 48 89
0x00007f8a54871818:   ef e8 12 8a 06 00 48 89 1d 73 36 1f 00 ff 05 69
0x00007f8a54871828:   36 1f 00 eb 05 83 f8 02 75 36 48 8d b4 24 80 00
0x00007f8a54871838:   00 00 b9 26 00 00 00 31 c0 31 d2 c7 05 53 36 1f
0x00007f8a54871848:   00 03 00 00 00 48 89 f7 f3 ab bf 06 00 00 00 48
0x00007f8a54871858:   c7 84 24 88 00 00 00 ff ff ff ff e8 68 9c 01 00
0x00007f8a54871868:   83 3d 31 36 1f 00 03 75 14 c7 05 25 36 1f 00 04
0x00007f8a54871878:   00 00 00 bf 06 00 00 00 e8 db 9b 01 00 83 3d 14
0x00007f8a54871888:   36 1f 00 04 75 0b c7 05 08 36 1f 00 05 00 00 00
0x00007f8a54871898:   f4 83 3d 00 36 1f 00 05 75 14 c7 05 f4 35 1f 00
0x00007f8a548718a8:   06 00 00 00 bf 7f 00 00 00 e8 4a 23 0c 00 f4 eb
0x00007f8a548718b8:   fd e8 62 fe ff ff e8 5d fe ff ff 48 83 c1 02 44
0x00007f8a548718c8:   0f be 21 48 83 c1 01 41 8d 54 24 d0 44 89 e3 83
0x00007f8a548718d8:   fa 09 76 eb e9 3d e5 01 00 e8 3a fe ff ff e8 35
0x00007f8a548718e8:   fe ff ff 48 83 c1 02 0f be 29 48 83 c1 01 8d 55
0x00007f8a548718f8:   d0 89 eb 83 fa 09 76 ef e9 74 e7 01 00 e8 16 fe
0x00007f8a54871908:   ff ff e8 11 fe ff ff 48 83 c1 02 0f be 29 48 83
0x00007f8a54871918:   c1 01 8d 55 d0 89 eb 83 fa 09 76 ef e9 a5 e9 01
0x00007f8a54871928:   00 e8 f2 fd ff ff e8 ed fd ff ff e8 e8 fd ff ff
0x00007f8a54871938:   e8 e3 fd ff ff e8 de fd ff ff 48 83 c1 02 0f be
0x00007f8a54871948:   29 48 83 c1 01 8d 55 d0 89 eb 83 fa 09 76 ef e9
0x00007f8a54871958:   0c df 02 00 e8 bf fd ff ff e8 ba fd ff ff e8 b5
0x00007f8a54871968:   fd ff ff 83 ee 02 48 83 c2 10 48 8d 74 f7 10 48
0x00007f8a54871978:   89 d7 48 83 c2 08 48 39 d6 75 f4 e9 f5 f2 03 00
0x00007f8a54871988:   83 ef 02 48 83 c1 10 49 8d 7c fa 10 49 89 ca 48 


Stack slot to memory mapping:

stack at sp + 0 slots: 0x0000000000000020 is an unknown value
stack at sp + 1 slots: 0x0000000000000002 is an unknown value
stack at sp + 2 slots: 0x00007f8a4c861120 points into unknown readable memory: 0x0000000000000005 | 05 00 00 00 00 00 00 00
stack at sp + 3 slots: 0x000000000000000b is an unknown value
stack at sp + 4 slots: 0x00007f897ecf75e0 is pointing into the stack for thread: 0x00007f894c0035f0
stack at sp + 5 slots: 0xb7b5b4906e38ef00 is an unknown value
stack at sp + 6 slots: 0x00007f897ecf7760 is pointing into the stack for thread: 0x00007f894c0035f0
stack at sp + 7 slots: 0x00007f897ecf7718 is pointing into the stack for thread: 0x00007f894c0035f0


Compiled method (n/a) 128268 1711     n 0       com.sun.jna.Native::invokeVoid (native)
 total in heap  [0x00007f8a3c5fa110,0x00007f8a3c5fa4a0] = 912
 relocation     [0x00007f8a3c5fa268,0x00007f8a3c5fa2a0] = 56
 main code      [0x00007f8a3c5fa2a0,0x00007f8a3c5fa495] = 501
 stub code      [0x00007f8a3c5fa495,0x00007f8a3c5fa498] = 3
 oops           [0x00007f8a3c5fa498,0x00007f8a3c5fa4a0] = 8

[Constant Pool (empty)]

[MachCode]
[Entry Point]
  # {method} {0x00007f89bf4306f8} 'invokeVoid' '(Lcom/sun/jna/Function;JI[Ljava/lang/Object;)V' in 'com/sun/jna/Native'
  # parm0:    rsi:rsi   = 'com/sun/jna/Function'
  # parm1:    rdx:rdx   = long
  # parm2:    rcx       = int
  # parm3:    r8:r8     = '[Ljava/lang/Object;'
  #           [sp+0x50]  (sp of caller)
  0x00007f8a3c5fa2a0: 448b 5608 | 49bb 0000 | 00c3 897f | 0000 4d03 | d349 3bc2 | 0f84 0600 

  0x00007f8a3c5fa2b8: ;   {runtime_call ic_miss_stub}
  0x00007f8a3c5fa2b8: 0000 e9c1 | 5d88 ff90 
[Verified Entry Point]
  0x00007f8a3c5fa2c0: 8984 2400 | c0fe ff55 | 488b ec48 | 83ec 4090 | 4181 7f20 | 0100 0000 

  0x00007f8a3c5fa2d8: ;   {runtime_call StubRoutines (final stubs)}
  0x00007f8a3c5fa2d8: 7405 e8c1 | c186 ff4c | 8944 2418 | 4983 f800 | 4c8d 4c24 | 184c 0f44 | 4c24 184c | 8bc1 488b 
  0x00007f8a3c5fa2f8: ca48 8934 | 2448 83fe | 0048 8d14 | 2448 0f44 

  0x00007f8a3c5fa308: ;   {oop(a 'java/lang/Class'{0x0000000451030508} = 'com/sun/jna/Native')}
  0x00007f8a3c5fa308: 1424 49be | 0805 0351 | 0400 0000 | 4c89 7424 | 304c 8d74 | 2430 498b | f6c5 f877 

  0x00007f8a3c5fa324: ;   {internal_word}
  0x00007f8a3c5fa324: 49ba 21a3 | 5f3c 8a7f | 0000 4d89 | 97a0 0300 | 0049 89a7 | 9803 0000 

  0x00007f8a3c5fa33c: ;   {external_word}
  0x00007f8a3c5fa33c: 803d f2bc | 1f18 000f | 843c 0000 | 0056 5251 | 4150 4151 

  0x00007f8a3c5fa350: ;   {metadata({method} {0x00007f89bf4306f8} 'invokeVoid' '(Lcom/sun/jna/Function;JI[Ljava/lang/Object;)V' in 'com/sun/jna/Native')}
  0x00007f8a3c5fa350: 48be f806 | 43bf 897f | 0000 498b | ff40 f6c4 | 0f0f 8412 | 0000 0048 

  0x00007f8a3c5fa368: ;   {runtime_call SharedRuntime::dtrace_method_entry(JavaThread*, Method*)}
  0x00007f8a3c5fa368: 83ec 08e8 | f0ef aa17 | 4883 c408 | e905 0000 

  0x00007f8a3c5fa378: ;   {runtime_call SharedRuntime::dtrace_method_entry(JavaThread*, Method*)}
  0x00007f8a3c5fa378: 00e8 e2ef | aa17 4159 | 4158 595a | 5e49 8dbf | b803 0000 | 41c7 8744 | 0400 0004 

  0x00007f8a3c5fa394: ;   {runtime_call Java_com_sun_jna_Native_invokeVoid}
  0x00007f8a3c5fa394: 0000 00e8 | 640b 61d5 | c5f8 7741 | c787 4404 | 0000 0500 | 0000 f083 | 4424 c000 | 493b af48 
  0x00007f8a3c5fa3b4: 0400 000f | 870e 0000 | 0041 83bf | 4004 0000 | 000f 841c | 0000 00c5 | f877 498b | ff4c 8be4 
  0x00007f8a3c5fa3d4: 4883 ec00 | 4883 e4f0 

  0x00007f8a3c5fa3dc: ;   {runtime_call JavaThread::check_special_condition_for_native_trans(JavaThread*)}
  0x00007f8a3c5fa3dc: e88f 3f61 | 1749 8be4 | 4d33 e441 | c787 4404 | 0000 0800 | 0000 4183 | bfc0 0400 | 0002 0f84 
  0x00007f8a3c5fa3fc: 7700 0000 

  0x00007f8a3c5fa400: ;   {external_word}
  0x00007f8a3c5fa400: 803d 2ebc | 1f18 000f | 842e 0000 

  0x00007f8a3c5fa40c: ;   {metadata({method} {0x00007f89bf4306f8} 'invokeVoid' '(Lcom/sun/jna/Function;JI[Ljava/lang/Object;)V' in 'com/sun/jna/Native')}
  0x00007f8a3c5fa40c: 0048 bef8 | 0643 bf89 | 7f00 0049 | 8bff 40f6 | c40f 0f84 | 1200 0000 | 4883 ec08 

  0x00007f8a3c5fa428: ;   {runtime_call SharedRuntime::dtrace_method_exit(JavaThread*, Method*)}
  0x00007f8a3c5fa428: e823 f0aa | 1748 83c4 | 08e9 0500 

  0x00007f8a3c5fa434: ;   {runtime_call SharedRuntime::dtrace_method_exit(JavaThread*, Method*)}
  0x00007f8a3c5fa434: 0000 e815 | f0aa 1749 | c787 9803 | 0000 0000 | 0000 49c7 | 87a0 0300 | 0000 0000 | 00c5 f877 
  0x00007f8a3c5fa454: 498b 8f28 | 0400 00c7 | 8100 0100 | 0000 0000 | 00c9 4983 | 7f08 000f | 8501 0000 

  0x00007f8a3c5fa470: ;   {runtime_call StubRoutines (initial stubs)}
  0x00007f8a3c5fa470: 00c3 e989 | 8783 ffc5 | f877 4c8b | e448 83ec | 0048 83e4 

  0x00007f8a3c5fa484: ;   {runtime_call SharedRuntime::reguard_yellow_pages()}
  0x00007f8a3c5fa484: f0e8 36ff | aa17 498b | e44d 33e4 | e96b ffff | fff4 f4f4 
[/MachCode]


Compiled method (c2) 128274 1986       4       com.sun.jna.Function::invoke (771 bytes)
 total in heap  [0x00007f8a3c630710,0x00007f8a3c631710] = 4096
 relocation     [0x00007f8a3c630868,0x00007f8a3c630970] = 264
 main code      [0x00007f8a3c630980,0x00007f8a3c631100] = 1920
 stub code      [0x00007f8a3c631100,0x00007f8a3c631160] = 96
 oops           [0x00007f8a3c631160,0x00007f8a3c6311f0] = 144
 metadata       [0x00007f8a3c6311f0,0x00007f8a3c631228] = 56
 scopes data    [0x00007f8a3c631228,0x00007f8a3c631428] = 512
 scopes pcs     [0x00007f8a3c631428,0x00007f8a3c631618] = 496
 dependencies   [0x00007f8a3c631618,0x00007f8a3c631620] = 8
 handler table  [0x00007f8a3c631620,0x00007f8a3c6316f8] = 216
 nul chk table  [0x00007f8a3c6316f8,0x00007f8a3c631710] = 24

[Constant Pool (empty)]

[MachCode]
[Entry Point]
  # {method} {0x00007f89bf474b50} 'invoke' '([Ljava/lang/Object;Ljava/lang/Class;ZI)Ljava/lang/Object;' in 'com/sun/jna/Function'
  # this:     rsi:rsi   = 'com/sun/jna/Function'
  # parm0:    rdx:rdx   = '[Ljava/lang/Object;'
  # parm1:    rcx:rcx   = 'java/lang/Class'
  # parm2:    r8        = boolean
  # parm3:    r9        = int
  #           [sp+0x40]  (sp of caller)
  0x00007f8a3c630980: 448b 5608 | 49bb 0000 | 00c3 897f | 0000 4d03 | d349 3bc2 

  0x00007f8a3c630994: ;   {runtime_call ic_miss_stub}
  0x00007f8a3c630994: 0f85 e6f6 | 84ff 6690 | 0f1f 4000 
[Verified Entry Point]
  0x00007f8a3c6309a0: 8984 2400 | c0fe ff55 | 4883 ec30 | 4181 7f20 | 0100 0000 | 0f85 3507 | 0000 488b | de4c 8bda 
  0x00007f8a3c6309c0: 450f b6d1 | 41c1 e207 | 440b 560c 

  0x00007f8a3c6309cc: ; implicit exception: dispatches to 0x00007f8a3c631058
  0x00007f8a3c6309cc: 488b 7910 | 488b 5610 

  0x00007f8a3c6309d4: ;   {oop(a 'java/lang/Class'{0x00000007ff87faa8} = void)}
  0x00007f8a3c6309d4: 49b9 a8fa | 87ff 0700 | 0000 493b | c975 1941 | 8bca 4d8b 

  0x00007f8a3c6309e8: ;   {static_call}
  0x00007f8a3c6309e8: c366 90e8 

  0x00007f8a3c6309ec: ; ImmutableOopMap {}
                      ;*invokestatic invokeVoid {reexecute=0 rethrow=0 return_oop=0}
                      ; - com.sun.jna.Function::invoke@44 (line 418)
  0x00007f8a3c6309ec: d098 fcff 

  0x00007f8a3c6309f0: ;   {other}
  0x00007f8a3c6309f0: 0f1f 8400 | e002 0000 | 33c0 eb4a 

  0x00007f8a3c6309fc: ;   {oop(a 'java/lang/Class'{0x00000007ff88a098} = 'java/lang/Void')}
  0x00007f8a3c6309fc: 49b9 98a0 | 88ff 0700 | 0000 493b | c90f 84a6 

  0x00007f8a3c630a0c: ;   {oop(a 'java/lang/Class'{0x00000007ff87f728} = boolean)}
  0x00007f8a3c630a0c: 0300 0049 | b928 f787 | ff07 0000 | 0049 3bc9 | 753b 418b | ca4d 8bc3 

  0x00007f8a3c630a24: ;   {static_call}
  0x00007f8a3c630a24: 6666 90e8 

  0x00007f8a3c630a28: ; ImmutableOopMap {}
                      ;*invokestatic invokeInt {reexecute=0 rethrow=0 return_oop=0}
                      ; - com.sun.jna.Function::invoke@74 (line 421)
  0x00007f8a3c630a28: 94d1 fcff 

  0x00007f8a3c630a2c: ;   {other}
  0x00007f8a3c630a2c: 0f1f 8400 | 1c03 0001 | 85c0 0f84 | 4d02 0000 

  0x00007f8a3c630a3c: ;   {oop(a 'java/lang/Boolean'{0x00000004510ba7d8} = true)}
  0x00007f8a3c630a3c: 48b8 d8a7 | 0b51 0400 | 0000 4883 

  0x00007f8a3c630a48: ;   {poll_return}
  0x00007f8a3c630a48: c430 5d49 | 3ba7 4804 | 0000 0f87 | 8106 0000 

  0x00007f8a3c630a58: ;   {oop(a 'java/lang/Class'{0x00000007ff8811a0} = 'java/lang/Boolean')}
  0x00007f8a3c630a58: c349 b9a0 | 1188 ff07 | 0000 0049 | 3bc9 0f84 | b403 0000 

  0x00007f8a3c630a6c: ;   {oop(a 'java/lang/Class'{0x00000007ff87f8e8} = byte)}
  0x00007f8a3c630a6c: 49b9 e8f8 | 87ff 0700 | 0000 493b | c90f 84c5 

  0x00007f8a3c630a7c: ;   {oop(a 'java/lang/Class'{0x00000007ff881688} = 'java/lang/Byte')}
  0x00007f8a3c630a7c: 0300 0049 | b988 1688 | ff07 0000 | 0049 3bc9 | 0f84 d603 

  0x00007f8a3c630a90: ;   {oop(a 'java/lang/Class'{0x00000007ff87f958} = short)}
  0x00007f8a3c630a90: 0000 49b9 | 58f9 87ff | 0700 0000 | 493b c90f | 84e7 0300 

  0x00007f8a3c630aa4: ;   {oop(a 'java/lang/Class'{0x00000007ff8817e0} = 'java/lang/Short')}
  0x00007f8a3c630aa4: 0049 b9e0 | 1788 ff07 | 0000 0049 | 3bc9 0f84 | f803 0000 

  0x00007f8a3c630ab8: ;   {oop(a 'java/lang/Class'{0x00000007ff87f798} = char)}
  0x00007f8a3c630ab8: 49b9 98f7 | 87ff 0700 | 0000 493b | c90f 8409 

  0x00007f8a3c630ac8: ;   {oop(a 'java/lang/Class'{0x00000007ff881250} = 'java/lang/Character')}
  0x00007f8a3c630ac8: 0400 0049 | b950 1288 | ff07 0000 | 0049 3bc9 | 0f84 1a04 

  0x00007f8a3c630adc: ;   {oop(a 'java/lang/Class'{0x00000007ff87f9c8} = int)}
  0x00007f8a3c630adc: 0000 49b9 | c8f9 87ff | 0700 0000 | 493b c90f | 84c4 0100 

  0x00007f8a3c630af0: ;   {oop(a 'java/lang/Class'{0x00000007ff881938} = 'java/lang/Integer')}
  0x00007f8a3c630af0: 0049 b938 | 1988 ff07 | 0000 0049 | 3bc9 0f84 | 1804 0000 

  0x00007f8a3c630b04: ;   {oop(a 'java/lang/Class'{0x00000007ff87fa38} = long)}
  0x00007f8a3c630b04: 49b9 38fa | 87ff 0700 | 0000 493b | c975 7641 | 8bca 4d8b 

  0x00007f8a3c630b18: ;   {static_call}
  0x00007f8a3c630b18: c366 90e8 

  0x00007f8a3c630b1c: ; ImmutableOopMap {}
                      ;*invokestatic invokeLong {reexecute=0 rethrow=0 return_oop=0}
                      ; - com.sun.jna.Function::invoke@245 (line 431)
  0x00007f8a3c630b1c: 20f9 fdff 

  0x00007f8a3c630b20: ;   {other}
  0x00007f8a3c630b20: 0f1f 8400 | 1004 0002 | 4889 0424 | 4883 f880 | 0f8c e204 | 0000 4883 | f87f 0f8e | ff01 0000 
  0x00007f8a3c630b40: 498b 87b8 | 0100 004c | 8bd0 4983 | c218 4d3b | 97c8 0100 | 000f 833a | 0200 004d | 8997 b801 
  0x00007f8a3c630b60: 0000 410f | 0d8a c000 | 0000 48c7 | 0001 0000 

  0x00007f8a3c630b70: ;   {metadata('java/lang/Long')}
  0x00007f8a3c630b70: 00c7 4008 | 387b 0300 | 4489 600c | 4c8b 1424 | 4c89 5010 | e9bd feff 

  0x00007f8a3c630b88: ;   {oop(a 'java/lang/Class'{0x00000007ff881ae0} = 'java/lang/Long')}
  0x00007f8a3c630b88: ff49 b9e0 | 1a88 ff07 | 0000 0049 | 3bc9 0f84 | a403 0000 

  0x00007f8a3c630b9c: ;   {oop(a 'java/lang/Class'{0x00000007ff87f808} = float)}
  0x00007f8a3c630b9c: 49b9 08f8 | 87ff 0700 | 0000 493b | c90f 84b5 

  0x00007f8a3c630bac: ;   {oop(a 'java/lang/Class'{0x00000007ff881498} = 'java/lang/Float')}
  0x00007f8a3c630bac: 0300 0049 | b998 1488 | ff07 0000 | 0049 3bc9 | 0f84 c603 

  0x00007f8a3c630bc0: ;   {oop(a 'java/lang/Class'{0x00000007ff87f878} = double)}
  0x00007f8a3c630bc0: 0000 49b9 | 78f8 87ff | 0700 0000 | 493b c90f | 84d7 0300 

  0x00007f8a3c630bd4: ;   {oop(a 'java/lang/Class'{0x00000007ff881578} = 'java/lang/Double')}
  0x00007f8a3c630bd4: 0049 b978 | 1588 ff07 | 0000 0049 | 3bc9 0f84 | e803 0000 

  0x00007f8a3c630be8: ;   {oop(a 'java/lang/Class'{0x00000007ff880508} = 'java/lang/String')}
  0x00007f8a3c630be8: 49b9 0805 | 88ff 0700 | 0000 493b | c90f 849d 

  0x00007f8a3c630bf8: ;   {oop(a 'java/lang/Class'{0x0000000451184940} = 'com/sun/jna/WString')}
  0x00007f8a3c630bf8: 0000 0049 | b940 4918 | 5104 0000 | 0049 3bc9 | 0f84 e603 | 0000 4c8b 

  0x00007f8a3c630c10: ;   {metadata('com/sun/jna/Pointer')}
  0x00007f8a3c630c10: 4f38 48bf | 0060 00c4 | 897f 0000 | 4c3b cf0f | 85d0 0100 | 0041 8bca 

  0x00007f8a3c630c28: ;   {static_call}
  0x00007f8a3c630c28: 4d8b c3e8 

  0x00007f8a3c630c2c: ; ImmutableOopMap {}
                      ;*invokestatic invokePointer {reexecute=0 rethrow=0 return_oop=0}
                      ; - com.sun.jna.Function::invokePointer@7 (line 500)
                      ; - com.sun.jna.Function::invoke@387 (line 444)
  0x00007f8a3c630c2c: 9036 fdff 

  0x00007f8a3c630c30: ;   {other}
  0x00007f8a3c630c30: 0f1f 8400 | 2005 0003 | 488b e848 | 85c0 0f84 | f400 0000 | 498b 87b8 | 0100 004c | 8bd0 4983 
  0x00007f8a3c630c50: c218 4d3b | 97c8 0100 | 000f 8317 | 0100 004d | 8997 b801 | 0000 410f | 0d8a c000 | 0000 48c7 
  0x00007f8a3c630c70: 0001 0000 

  0x00007f8a3c630c74: ;   {metadata('com/sun/jna/Pointer')}
  0x00007f8a3c630c74: 00c7 4008 | 0060 0001 | 4489 600c | 4889 6810 | e9bd fdff 

  0x00007f8a3c630c88: ;   {oop(a 'java/lang/Boolean'{0x00000004511c8a30} = false)}
  0x00007f8a3c630c88: ff48 b830 | 8a1c 5104 | 0000 00e9 | aefd ffff | 4533 c041 | 8bd2 498b 

  0x00007f8a3c630ca0: ;   {optimized virtual_call}
  0x00007f8a3c630ca0: cb66 90e8 

  0x00007f8a3c630ca4: ; ImmutableOopMap {}
                      ;*invokespecial invokeString {reexecute=0 rethrow=0 return_oop=1}
                      ; - com.sun.jna.Function::invoke@331 (line 437)
  0x00007f8a3c630ca4: 6704 0000 

  0x00007f8a3c630ca8: ;   {other}
  0x00007f8a3c630ca8: 0f1f 8400 | 9805 0004 | e991 fdff | ff41 8bca 

  0x00007f8a3c630cb8: ;   {static_call}
  0x00007f8a3c630cb8: 4d8b c3e8 

  0x00007f8a3c630cbc: ; ImmutableOopMap {}
                      ;*invokestatic invokeInt {reexecute=0 rethrow=0 return_oop=0}
                      ; - com.sun.jna.Function::invoke@213 (line 429)
  0x00007f8a3c630cbc: 00cf fcff 

  0x00007f8a3c630cc0: ;   {other}
  0x00007f8a3c630cc0: 0f1f 8400 | b005 0005 | 8be8 448d | 9080 0000 | 0041 81fa | 0001 0000 | 731e 4c63 

  0x00007f8a3c630cdc: ;   {oop(a 'java/lang/Integer'[256] {0x00000007ff8c9ec0})}
  0x00007f8a3c630cdc: d049 bbc0 | 9e8c ff07 | 0000 0047 | 8b9c 9310 | 0200 004b | 8d04 dce9 | 4efd ffff | 498b 87b8 
  0x00007f8a3c630cfc: 0100 004c | 8bd0 4983 | c210 4d3b | 97c8 0100 | 000f 83c5 | 0000 004d | 8997 b801 | 0000 410f 
  0x00007f8a3c630d1c: 0d8a c000 | 0000 48c7 | 0001 0000 

  0x00007f8a3c630d28: ;   {metadata('java/lang/Integer')}
  0x00007f8a3c630d28: 00c7 4008 | 5060 0200 | 8968 0ce9 | 0efd ffff | 33c0 e907 | fdff ff44 | 8bd8 418d | ab80 0000 
  0x00007f8a3c630d48: 0081 fd00 | 0100 000f | 83ef 0200 | 004d 63d3 

  0x00007f8a3c630d58: ;   {oop(a 'java/lang/Long'[256] {0x00000007ff8cb2d0})}
  0x00007f8a3c630d58: 49bb d0b2 | 8cff 0700 | 0000 478b | 9c93 1002 | 0000 4f8d | 14dc 498b | c2e9 d0fc 

  0x00007f8a3c630d74: ;   {metadata('com/sun/jna/Pointer')}
  0x00007f8a3c630d74: ffff 48be | 0060 00c4 | 897f 0000 

  0x00007f8a3c630d80: ;   {runtime_call _new_instance_Java}
  0x00007f8a3c630d80: 6666 90e8 

  0x00007f8a3c630d84: ; ImmutableOopMap {}
                      ;*new {reexecute=0 rethrow=0 return_oop=1}
                      ; - com.sun.jna.Function::invokePointer@21 (line 501)
                      ; - com.sun.jna.Function::invoke@387 (line 444)
  0x00007f8a3c630d84: 78f0 91ff 

  0x00007f8a3c630d88: ;   {other}
  0x00007f8a3c630d88: 0f1f 8400 | 7806 0006 | e9eb feff 

  0x00007f8a3c630d94: ;   {metadata('java/lang/Long')}
  0x00007f8a3c630d94: ff48 be38 | 7b03 c389 | 7f00 0048 

  0x00007f8a3c630da0: ;   {runtime_call _new_instance_Java}
  0x00007f8a3c630da0: 8b2c 24e8 

  0x00007f8a3c630da4: ; ImmutableOopMap {}
                      ;*new {reexecute=0 rethrow=0 return_oop=1}
                      ; - java.lang.Long::valueOf@31 (line 1207)
                      ; - com.sun.jna.Function::invoke@248 (line 431)
  0x00007f8a3c630da4: 58f0 91ff 

  0x00007f8a3c630da8: ;   {other}
  0x00007f8a3c630da8: 0f1f 8400 | 9806 0007 | e9c7 fdff | ffbe 45ff | ffff 488b | eb4c 891c | 2444 8954 | 2410 4889 
  0x00007f8a3c630dc8: ;   {runtime_call UncommonTrapBlob}
  0x00007f8a3c630dc8: 4c24 18e8 

  0x00007f8a3c630dcc: ; ImmutableOopMap {rbp=Oop [0]=Oop [24]=Oop }
                      ;*if_acmpne {reexecute=1 rethrow=0 return_oop=0}
                      ; - (reexecute) com.sun.jna.Function::invoke@33 (line 417)
  0x00007f8a3c630dcc: 3051 85ff 

  0x00007f8a3c630dd0: ;   {other}
  0x00007f8a3c630dd0: 0f1f 8400 | c006 0008 

  0x00007f8a3c630dd8: ;   {metadata('java/lang/Integer')}
  0x00007f8a3c630dd8: 48be 5060 | 02c3 897f 

  0x00007f8a3c630de0: ;   {runtime_call _new_instance_Java}
  0x00007f8a3c630de0: 0000 90e8 

  0x00007f8a3c630de4: ; ImmutableOopMap {}
                      ;*new {reexecute=0 rethrow=0 return_oop=1}
                      ; - java.lang.Integer::valueOf@23 (line 1083)
                      ; - com.sun.jna.Function::invoke@216 (line 429)
  0x00007f8a3c630de4: 18f0 91ff 

  0x00007f8a3c630de8: ;   {other}
  0x00007f8a3c630de8: 0f1f 8400 | d806 0009 | e93b ffff | ffbe 45ff | ffff 488b | eb4c 891c | 2448 894c | 2408 4489 
  0x00007f8a3c630e08: 4424 1044 | 8954 2414 

  0x00007f8a3c630e10: ;   {runtime_call UncommonTrapBlob}
  0x00007f8a3c630e10: 6666 90e8 

  0x00007f8a3c630e14: ; ImmutableOopMap {rbp=Oop [0]=Oop [8]=Oop }
                      ;*ifeq {reexecute=1 rethrow=0 return_oop=0}
                      ; - (reexecute) com.sun.jna.Function::invoke@380 (line 443)
  0x00007f8a3c630e14: e850 85ff 

  0x00007f8a3c630e18: ;   {other}
  0x00007f8a3c630e18: 0f1f 8400 | 0807 000a | be45 ffff | ff48 8beb | 4c89 1c24 | 4489 5424 | 1048 894c 

  0x00007f8a3c630e34: ;   {runtime_call UncommonTrapBlob}
  0x00007f8a3c630e34: 2418 90e8 

  0x00007f8a3c630e38: ; ImmutableOopMap {rbp=Oop [0]=Oop [24]=Oop }
                      ;*if_acmpne {reexecute=1 rethrow=0 return_oop=0}
                      ; - (reexecute) com.sun.jna.Function::invoke@63 (line 420)
  0x00007f8a3c630e38: c450 85ff 

  0x00007f8a3c630e3c: ;   {other}
  0x00007f8a3c630e3c: 0f1f 8400 | 2c07 000b | be45 ffff | ff48 8beb | 4c89 1c24 | 4489 5424 | 1048 894c 

  0x00007f8a3c630e58: ;   {runtime_call UncommonTrapBlob}
  0x00007f8a3c630e58: 2418 90e8 

  0x00007f8a3c630e5c: ; ImmutableOopMap {rbp=Oop [0]=Oop [24]=Oop }
                      ;*if_acmpeq {reexecute=1 rethrow=0 return_oop=0}
                      ; - (reexecute) com.sun.jna.Function::invoke@97 (line 422)
  0x00007f8a3c630e5c: a050 85ff 

  0x00007f8a3c630e60: ;   {other}
  0x00007f8a3c630e60: 0f1f 8400 | 5007 000c | be45 ffff | ff48 8beb | 4c89 1c24 | 4489 5424 | 1048 894c 

  0x00007f8a3c630e7c: ;   {runtime_call UncommonTrapBlob}
  0x00007f8a3c630e7c: 2418 90e8 

  0x00007f8a3c630e80: ; ImmutableOopMap {rbp=Oop [0]=Oop [24]=Oop }
                      ;*if_acmpne {reexecute=1 rethrow=0 return_oop=0}
                      ; - (reexecute) com.sun.jna.Function::invoke@103 (line 422)
  0x00007f8a3c630e80: 7c50 85ff 

  0x00007f8a3c630e84: ;   {other}
  0x00007f8a3c630e84: 0f1f 8400 | 7407 000d | be45 ffff | ff48 8beb | 4c89 1c24 | 4489 5424 | 1048 894c 

  0x00007f8a3c630ea0: ;   {runtime_call UncommonTrapBlob}
  0x00007f8a3c630ea0: 2418 90e8 

  0x00007f8a3c630ea4: ; ImmutableOopMap {rbp=Oop [0]=Oop [24]=Oop }
                      ;*if_acmpeq {reexecute=1 rethrow=0 return_oop=0}
                      ; - (reexecute) com.sun.jna.Function::invoke@130 (line 424)
  0x00007f8a3c630ea4: 5850 85ff 

  0x00007f8a3c630ea8: ;   {other}
  0x00007f8a3c630ea8: 0f1f 8400 | 9807 000e | be45 ffff | ff48 8beb | 4c89 1c24 | 4489 5424 | 1048 894c 

  0x00007f8a3c630ec4: ;   {runtime_call UncommonTrapBlob}
  0x00007f8a3c630ec4: 2418 90e8 

  0x00007f8a3c630ec8: ; ImmutableOopMap {rbp=Oop [0]=Oop [24]=Oop }
                      ;*if_acmpne {reexecute=1 rethrow=0 return_oop=0}
                      ; - (reexecute) com.sun.jna.Function::invoke@136 (line 424)
  0x00007f8a3c630ec8: 3450 85ff 

  0x00007f8a3c630ecc: ;   {other}
  0x00007f8a3c630ecc: 0f1f 8400 | bc07 000f | be45 ffff | ff48 8beb | 4c89 1c24 | 4489 5424 | 1048 894c 

  0x00007f8a3c630ee8: ;   {runtime_call UncommonTrapBlob}
  0x00007f8a3c630ee8: 2418 90e8 

  0x00007f8a3c630eec: ; ImmutableOopMap {rbp=Oop [0]=Oop [24]=Oop }
                      ;*if_acmpeq {reexecute=1 rethrow=0 return_oop=0}
                      ; - (reexecute) com.sun.jna.Function::invoke@163 (line 426)
  0x00007f8a3c630eec: 1050 85ff 

  0x00007f8a3c630ef0: ;   {other}
  0x00007f8a3c630ef0: 0f1f 8400 | e007 0010 | be45 ffff | ff48 8beb | 4c89 1c24 | 4489 5424 | 1048 894c 

  0x00007f8a3c630f0c: ;   {runtime_call UncommonTrapBlob}
  0x00007f8a3c630f0c: 2418 90e8 

  0x00007f8a3c630f10: ; ImmutableOopMap {rbp=Oop [0]=Oop [24]=Oop }
                      ;*if_acmpne {reexecute=1 rethrow=0 return_oop=0}
                      ; - (reexecute) com.sun.jna.Function::invoke@169 (line 426)
  0x00007f8a3c630f10: ec4f 85ff 

  0x00007f8a3c630f14: ;   {other}
  0x00007f8a3c630f14: 0f1f 8400 | 0408 0011 | be45 ffff | ff48 8beb | 4c89 1c24 | 4489 5424 | 1048 894c 

  0x00007f8a3c630f30: ;   {runtime_call UncommonTrapBlob}
  0x00007f8a3c630f30: 2418 90e8 

  0x00007f8a3c630f34: ; ImmutableOopMap {rbp=Oop [0]=Oop [24]=Oop }
                      ;*if_acmpne {reexecute=1 rethrow=0 return_oop=0}
                      ; - (reexecute) com.sun.jna.Function::invoke@202 (line 428)
  0x00007f8a3c630f34: c84f 85ff 

  0x00007f8a3c630f38: ;   {other}
  0x00007f8a3c630f38: 0f1f 8400 | 2808 0012 | be45 ffff | ff48 8beb | 4c89 1c24 | 4489 5424 | 1048 894c 

  0x00007f8a3c630f54: ;   {runtime_call UncommonTrapBlob}
  0x00007f8a3c630f54: 2418 90e8 

  0x00007f8a3c630f58: ; ImmutableOopMap {rbp=Oop [0]=Oop [24]=Oop }
                      ;*if_acmpne {reexecute=1 rethrow=0 return_oop=0}
                      ; - (reexecute) com.sun.jna.Function::invoke@234 (line 430)
  0x00007f8a3c630f58: a44f 85ff 

  0x00007f8a3c630f5c: ;   {other}
  0x00007f8a3c630f5c: 0f1f 8400 | 4c08 0013 | be45 ffff | ff48 8beb | 4c89 1c24 | 4489 5424 | 1048 894c 

  0x00007f8a3c630f78: ;   {runtime_call UncommonTrapBlob}
  0x00007f8a3c630f78: 2418 90e8 

  0x00007f8a3c630f7c: ; ImmutableOopMap {rbp=Oop [0]=Oop [24]=Oop }
                      ;*if_acmpeq {reexecute=1 rethrow=0 return_oop=0}
                      ; - (reexecute) com.sun.jna.Function::invoke@260 (line 432)
  0x00007f8a3c630f7c: 804f 85ff 

  0x00007f8a3c630f80: ;   {other}
  0x00007f8a3c630f80: 0f1f 8400 | 7008 0014 | be45 ffff | ff48 8beb | 4c89 1c24 | 4489 5424 | 1048 894c 

  0x00007f8a3c630f9c: ;   {runtime_call UncommonTrapBlob}
  0x00007f8a3c630f9c: 2418 90e8 

  0x00007f8a3c630fa0: ; ImmutableOopMap {rbp=Oop [0]=Oop [24]=Oop }
                      ;*if_acmpne {reexecute=1 rethrow=0 return_oop=0}
                      ; - (reexecute) com.sun.jna.Function::invoke@266 (line 432)
  0x00007f8a3c630fa0: 5c4f 85ff 

  0x00007f8a3c630fa4: ;   {other}
  0x00007f8a3c630fa4: 0f1f 8400 | 9408 0015 | be45 ffff | ff48 8beb | 4c89 1c24 | 4489 5424 | 1048 894c 

  0x00007f8a3c630fc0: ;   {runtime_call UncommonTrapBlob}
  0x00007f8a3c630fc0: 2418 90e8 

  0x00007f8a3c630fc4: ; ImmutableOopMap {rbp=Oop [0]=Oop [24]=Oop }
                      ;*if_acmpeq {reexecute=1 rethrow=0 return_oop=0}
                      ; - (reexecute) com.sun.jna.Function::invoke@292 (line 434)
  0x00007f8a3c630fc4: 384f 85ff 

  0x00007f8a3c630fc8: ;   {other}
  0x00007f8a3c630fc8: 0f1f 8400 | b808 0016 | be45 ffff | ff48 8beb | 4c89 1c24 | 4489 5424 | 1048 894c 

  0x00007f8a3c630fe4: ;   {runtime_call UncommonTrapBlob}
  0x00007f8a3c630fe4: 2418 90e8 

  0x00007f8a3c630fe8: ; ImmutableOopMap {rbp=Oop [0]=Oop [24]=Oop }
                      ;*if_acmpne {reexecute=1 rethrow=0 return_oop=0}
                      ; - (reexecute) com.sun.jna.Function::invoke@298 (line 434)
  0x00007f8a3c630fe8: 144f 85ff 

  0x00007f8a3c630fec: ;   {other}
  0x00007f8a3c630fec: 0f1f 8400 | dc08 0017 | be45 ffff | ff48 8beb | 4c89 1c24 | 4489 5424 | 1048 894c 

  0x00007f8a3c631008: ;   {runtime_call UncommonTrapBlob}
  0x00007f8a3c631008: 2418 90e8 

  0x00007f8a3c63100c: ; ImmutableOopMap {rbp=Oop [0]=Oop [24]=Oop }
                      ;*if_acmpne {reexecute=1 rethrow=0 return_oop=0}
                      ; - (reexecute) com.sun.jna.Function::invoke@342 (line 438)
  0x00007f8a3c63100c: f04e 85ff 

  0x00007f8a3c631010: ;   {other}
  0x00007f8a3c631010: 0f1f 8400 | 0009 0018 | 49c7 c280 | ffff ff49 | 3bc2 bdff | ffff ff7c | 0840 0f95 | c540 0fb6 
  0x00007f8a3c631030: edbe 45ff 

  0x00007f8a3c631034: ;   {runtime_call UncommonTrapBlob}
  0x00007f8a3c631034: ffff 90e8 

  0x00007f8a3c631038: ; ImmutableOopMap {}
                      ;*iflt {reexecute=1 rethrow=0 return_oop=0}
                      ; - (reexecute) java.lang.Long::valueOf@9 (line 1204)
                      ; - com.sun.jna.Function::invoke@248 (line 431)
  0x00007f8a3c631038: c44e 85ff 

  0x00007f8a3c63103c: ;   {other}
  0x00007f8a3c63103c: 0f1f 8400 | 2c09 0019 | bee4 ffff 

  0x00007f8a3c631048: ;   {runtime_call UncommonTrapBlob}
  0x00007f8a3c631048: ff66 90e8 

  0x00007f8a3c63104c: ; ImmutableOopMap {}
                      ;*aaload {reexecute=0 rethrow=0 return_oop=0}
                      ; - java.lang.Long::valueOf@29 (line 1205)
                      ; - com.sun.jna.Function::invoke@248 (line 431)
  0x00007f8a3c63104c: b04e 85ff 

  0x00007f8a3c631050: ;   {other}
  0x00007f8a3c631050: 0f1f 8400 | 4009 001a | be45 ffff | ff48 8beb | 4889 1424 | 4489 5424 | 1048 894c 

  0x00007f8a3c63106c: ;   {runtime_call UncommonTrapBlob}
  0x00007f8a3c63106c: 2418 90e8 

  0x00007f8a3c631070: ; ImmutableOopMap {rbp=Oop [0]=Oop [24]=Oop }
                      ;*ifnull {reexecute=1 rethrow=0 return_oop=0}
                      ; - (reexecute) com.sun.jna.Function::invoke@20 (line 417)
  0x00007f8a3c631070: 8c4e 85ff 

  0x00007f8a3c631074: ;   {other}
  0x00007f8a3c631074: 0f1f 8400 | 6409 001b | bef4 ffff | ff48 8beb | 4c89 1c24 | 4489 4424 | 1044 8954 | 2414 4889 
  0x00007f8a3c631094: ;   {runtime_call UncommonTrapBlob}
  0x00007f8a3c631094: 4c24 18e8 

  0x00007f8a3c631098: ; ImmutableOopMap {rbp=Oop [0]=Oop [24]=Oop }
                      ;*invokevirtual isAssignableFrom {reexecute=0 rethrow=0 return_oop=0}
                      ; - com.sun.jna.Function::invoke@377 (line 443)
  0x00007f8a3c631098: 644e 85ff 

  0x00007f8a3c63109c: ;   {other}
  0x00007f8a3c63109c: 0f1f 8400 | 8c09 001c | 488b f0eb | 2648 8bf0 | eb21 488b | f0eb 1c48 | 8bf0 eb17 | 488b f0eb 
  0x00007f8a3c6310bc: 1248 8bf0 | eb0d 488b | f0eb 0848 | 8bf0 eb03 | 488b f048 | 83c4 305d 

  0x00007f8a3c6310d4: ;   {runtime_call _rethrow_Java}
  0x00007f8a3c6310d4: e927 0c92 

  0x00007f8a3c6310d8: ;   {internal_word}
  0x00007f8a3c6310d8: ff49 ba4b | 0a63 3c8a | 7f00 004d | 8997 6004 

  0x00007f8a3c6310e8: ;   {runtime_call SafepointBlob}
  0x00007f8a3c6310e8: 0000 e911 

  0x00007f8a3c6310ec: ;   {runtime_call StubRoutines (final stubs)}
  0x00007f8a3c6310ec: 5f85 ffe8 | ac53 83ff | e9c1 f8ff | fff4 f4f4 | f4f4 f4f4 
[Stub Code]
  0x00007f8a3c631100: ;   {no_reloc}
  0x00007f8a3c631100: 48bb 0000 | 0000 0000 

  0x00007f8a3c631108: ;   {runtime_call nmethod}
  0x00007f8a3c631108: 0000 e9fb 

  0x00007f8a3c63110c: ;   {static_stub}
  0x00007f8a3c63110c: ffff ff48 | bbe0 5547 | bf89 7f00 

  0x00007f8a3c631118: ;   {runtime_call I2C/C2I adapters}
  0x00007f8a3c631118: 00e9 d0ef 

  0x00007f8a3c63111c: ;   {static_stub}
  0x00007f8a3c63111c: 82ff 48bb | 0000 0000 | 0000 0000 

  0x00007f8a3c631128: ;   {runtime_call nmethod}
  0x00007f8a3c631128: e9fb ffff 

  0x00007f8a3c63112c: ;   {static_stub}
  0x00007f8a3c63112c: ff48 bb00 | 0000 0000 

  0x00007f8a3c631134: ;   {runtime_call nmethod}
  0x00007f8a3c631134: 0000 00e9 | fbff ffff 

  0x00007f8a3c63113c: ;   {static_stub}
  0x00007f8a3c63113c: 48bb 0000 | 0000 0000 

  0x00007f8a3c631144: ;   {runtime_call nmethod}
  0x00007f8a3c631144: 0000 e9fb 

  0x00007f8a3c631148: ;   {runtime_call ExceptionBlob}
  0x00007f8a3c631148: ffff ffe9 | b09c 91ff 
[Deopt Handler Code]
  0x00007f8a3c631150: e800 0000 | 0048 832c 

  0x00007f8a3c631158: ;   {runtime_call DeoptimizationBlob}
  0x00007f8a3c631158: 2405 e941 | 5185 fff4 
[/MachCode]


Compiled method (c2) 128280 1924       4       com.sun.jna.Function::invoke (548 bytes)
 total in heap  [0x00007f8a3c61fe90,0x00007f8a3c622448] = 9656
 relocation     [0x00007f8a3c61ffe8,0x00007f8a3c620198] = 432
 main code      [0x00007f8a3c6201a0,0x00007f8a3c6218d0] = 5936
 stub code      [0x00007f8a3c6218d0,0x00007f8a3c621918] = 72
 oops           [0x00007f8a3c621918,0x00007f8a3c621938] = 32
 metadata       [0x00007f8a3c621938,0x00007f8a3c6219b8] = 128
 scopes data    [0x00007f8a3c6219b8,0x00007f8a3c6220f0] = 1848
 scopes pcs     [0x00007f8a3c6220f0,0x00007f8a3c622340] = 592
 dependencies   [0x00007f8a3c622340,0x00007f8a3c622348] = 8
 handler table  [0x00007f8a3c622348,0x00007f8a3c622408] = 192
 nul chk table  [0x00007f8a3c622408,0x00007f8a3c622448] = 64

[Constant Pool (empty)]

[MachCode]
[Entry Point]
  # {method} {0x00007f89bf474508} 'invoke' '(Ljava/lang/reflect/Method;[Ljava/lang/Class;Ljava/lang/Class;[Ljava/lang/Object;Ljava/util/Map;)Ljava/lang/Object;' in 'com/sun/jna/Function'
  # this:     rsi:rsi   = 'com/sun/jna/Function'
  # parm0:    rdx:rdx   = 'java/lang/reflect/Method'
  # parm1:    rcx:rcx   = '[Ljava/lang/Class;'
  # parm2:    r8:r8     = 'java/lang/Class'
  # parm3:    r9:r9     = '[Ljava/lang/Object;'
  # parm4:    rdi:rdi   = 'java/util/Map'
  #           [sp+0x80]  (sp of caller)
  0x00007f8a3c6201a0: 448b 5608 | 49bb 0000 | 00c3 897f | 0000 4d03 | d349 3bc2 

  0x00007f8a3c6201b4: ;   {runtime_call ic_miss_stub}
  0x00007f8a3c6201b4: 0f85 c6fe | 85ff 6690 | 0f1f 4000 
[Verified Entry Point]
  0x00007f8a3c6201c0: 8984 2400 | c0fe ff55 | 4883 ec70 | 4181 7f20 | 0100 0000 | 0f85 ea16 | 0000 4889 | 7c24 2849 
  0x00007f8a3c6201e0: 8be9 4c89 | 4424 2048 | 894c 2418 | 4889 5424 | 1048 8974 | 2408 498b | 87b8 0100 | 004c 8bd0 
  0x00007f8a3c620200: 4983 c210 | 4d3b 97c8 | 0100 000f | 83c9 0f00 | 004d 8997 | b801 0000 | 410f 0d8a | c000 0000 
  0x00007f8a3c620220: 48c7 0001 | 0000 0041 | 0f0d 8a00 

  0x00007f8a3c62022c: ;   {metadata('java/lang/Object'[])}
  0x00007f8a3c62022c: 0100 00c7 | 4008 7012 | 0000 410f | 0d8a 4001 | 0000 4489 | 600c 410f | 0d8a 8001 | 0000 4885 
  0x00007f8a3c62024c: ed75 0d48 | 8944 2440 | 4533 d2e9 | b300 0000 | 448b 550c | 4181 fa00 | 0100 000f | 8f0b 1300 
  0x00007f8a3c62026c: 0049 63d2 | 4181 fa00 | 0004 000f | 8780 0f00 | 0049 8b9f | b801 0000 | 4c8d 1c95 | 1700 0000 
  0x00007f8a3c62028c: 4983 e3f8 | 4c8b c34d | 03c3 4d3b | 87c8 0100 | 000f 835a | 0f00 004d | 8987 b801 | 0000 410f 
  0x00007f8a3c6202ac: 0d88 c000 | 0000 48c7 | 0301 0000 | 0041 0f0d | 8800 0100 

  0x00007f8a3c6202c0: ;   {metadata('java/lang/Object'[])}
  0x00007f8a3c6202c0: 00c7 4308 | 7012 0000 | 4489 530c | 410f 0d88 | 4001 0000 | 410f 0d88 | 8001 0000 | 4585 d276 
  0x00007f8a3c6202e0: 2648 8bfd | 4883 c710 | 488b f348 | 83c6 10c5 | f877 49ba | e052 e63b | 8a7f 0000 

  0x00007f8a3c6202fc: ;   {other}
  0x00007f8a3c6202fc: 41ff d20f | 1f84 0000 | 0000 0048 | 895c 2440 | 4c8b d54c | 8b5c 2428 

  0x00007f8a3c620314: ; implicit exception: dispatches to 0x00007f8a3c6217f4
  0x00007f8a3c620314: 458b 4b08 

  0x00007f8a3c620318: ;   {metadata('java/util/HashMap')}
  0x00007f8a3c620318: 4181 f910 | d108 000f | 85e7 0f00 | 004d 8beb | 458b 5d24 | 4585 db0f | 84e3 0200 | 0047 8b4c 
  0x00007f8a3c620338: dc0c 4585 | c90f 865c | 1100 0041 

  0x00007f8a3c620344: ;   {oop("type-mapper"{0x0000000451031fa8})}
  0x00007f8a3c620344: ffc9 49b8 | a81f 0351 | 0400 0000 | 418b 580c | 85db 0f85 | f301 0000 | 450f b640 | 1145 85c0 
  0x00007f8a3c620364: 0f85 da0c | 0000 ba0b 

  0x00007f8a3c62036c: ;   {oop([B{0x0000000451031fc0})}
  0x00007f8a3c62036c: 0000 0048 | bfc0 1f03 | 5104 0000 | 0048 83c7 | 1033 db83 | fa20 0f8c | 6701 0000 | 33c9 c5d5 
  0x00007f8a3c62038c: efed c5cd | eff6 c5c5 | efff c441 

  0x00007f8a3c620398: ;   {external_word}
  0x00007f8a3c620398: 3def c048 | b800 344b | 548a 7f00 | 0044 8b00 | c4c1 796e | c0c4 e27d | 58c0 8bc2 | 83e0 e041 
  0x00007f8a3c6203b8: 0faf d8c5 | 7a7e 0c0f | c57a 7e54 | 0f08 c57a | 7e5c 0f10 | c57a 7e64 | 0f18 c4e2 | 5540 e8c4 
  0x00007f8a3c6203d8: 427d 31c9 | c4c1 55fe | e9c4 e24d | 40f0 c442 | 7d31 d2c4 | c14d fef2 | c4e2 4540 | f8c4 427d 
  0x00007f8a3c6203f8: 31db c4c1 | 45fe fbc4 | 623d 40c0 | c442 7d31 | e4c4 413d | fec4 83c1 | 203b c87c | a248 8d3c 
  0x00007f8a3c620418: ;   {external_word}
  0x00007f8a3c620418: 072b d048 | b804 344b | 548a 7f00 | 00c5 fe6f | 08c4 e255 

  0x00007f8a3c62042c: ;   {external_word}
  0x00007f8a3c62042c: 40e9 48b8 | 2434 4b54 | 8a7f 0000 | c5fe 6f10 | c4e2 4d40 

  0x00007f8a3c620440: ;   {external_word}
  0x00007f8a3c620440: f248 b844 | 344b 548a | 7f00 00c5 | fe6f 18c4 | e245 40fb 

  0x00007f8a3c620454: ;   {external_word}
  0x00007f8a3c620454: 48b8 6434 | 4b54 8a7f | 0000 c5fe | 6f20 c462 | 3d40 c4c4 | 6255 02cd | c443 7d39 | ca01 c441 
  0x00007f8a3c620474: 31fe cac4 | 4231 02c9 | c579 6ed3 | c441 31fe | cac5 797e | cbc4 624d | 02de c443 | 7d39 dc01 
  0x00007f8a3c620494: c441 21fe | dcc4 4221 | 02db c579 | 6ee3 c441 | 21fe dcc5 | 797e dbc4 | 6245 02cf | c443 7d39 
  0x00007f8a3c6204b4: ca01 c441 | 31fe cac4 | 4231 02c9 | c579 6ed3 | c441 31fe | cac5 797e | cbc4 423d | 02d8 c443 
  0x00007f8a3c6204d4: 7d39 dc01 | c441 21fe | dcc4 4221 | 02db c579 | 6ee3 c441 | 21fe dcc5 | 797e dbb9 | 0100 0000 
  0x00007f8a3c6204f4: 3bca 0f8d | 2b00 0000 | 41b8 c103 | 0000 410f | afd8 0fb6 | 440f ff44 | 8bc0 41c1 | e005 442b 
  0x00007f8a3c620514: c041 03d8 | 440f b604 | 0f41 03d8 | 83c1 023b | ca7c d57f | 108b c3c1 | e305 2bd8 | 440f b644 
  0x00007f8a3c620534: 0fff 4103 | d885 db0f | 844f 1000 

  0x00007f8a3c620540: ;   {oop("type-mapper"{0x0000000451031fa8})}
  0x00007f8a3c620540: 0049 b8a8 | 1f03 5104 | 0000 0041 | 8958 0c8b | cbc1 e910 | 33cb 4423 | c949 c1e3 | 0347 8b4c 
  0x00007f8a3c620560: 8b10 4585 | c90f 84ad | 0000 0047 | 8b44 cc0c | 443b c10f | 8591 0000 | 0047 8b5c | cc10 4b8d 
  0x00007f8a3c620580: ;   {oop("type-mapper"{0x0000000451031fa8})}
  0x00007f8a3c620580: 2ccc 4181 | fbf5 6320 | 8a74 4744 | 894c 2438 | 894c 243c | 4c89 6c24 | 304c 8954 | 2428 498b 
  0x00007f8a3c6205a0: d348 c1e2 

  0x00007f8a3c6205a4: ;   {oop("type-mapper"{0x0000000451031fa8})}
  0x00007f8a3c6205a4: 0348 bea8 | 1f03 5104 | 0000 0090 

  0x00007f8a3c6205b0: ;   {optimized virtual_call}
  0x00007f8a3c6205b0: c5f8 77e8 

  0x00007f8a3c6205b4: ; ImmutableOopMap {rbp=Oop [8]=Oop [16]=Oop [24]=Oop [32]=Oop [40]=Oop [48]=Oop [56]=NarrowOop [64]=Oop }
                      ;*invokevirtual equals {reexecute=0 rethrow=0 return_oop=0}
                      ; - java.util.HashMap::getNode@63 (line 578)
                      ; - java.util.HashMap::get@2 (line 564)
                      ; - com.sun.jna.Function::invoke@54 (line 338)
  0x00007f8a3c6205b4: c8fd 85ff 

  0x00007f8a3c6205b8: ;   {other}
  0x00007f8a3c6205b8: 0f1f 8400 | 2807 0000 | 85c0 0f84 | 1811 0000 | 4c8b 5424 | 284c 8b6c | 2430 448b | 4514 4585 
  0x00007f8a3c6205d8: c074 3d47 | 8b5c c408 

  0x00007f8a3c6205e0: ;   {metadata('com/sun/jna/TypeMapper')}
  0x00007f8a3c6205e0: 48b8 e0aa | 19c4 897f | 0000 48be | 0000 00c3 | 897f 0000 | 4903 f34c | 8b5e 204c | 3bd8 0f85 
  0x00007f8a3c620600: e209 0000 | 4f8d 0cc4 | eb11 478b | 44cc 1845 | 85c0 0f85 | 4809 0000 | 4533 c945 | 8b5d 2445 
  0x00007f8a3c620620: 85db 0f84 | d102 0000 | 438b 4cdc | 0c85 c90f | 86b3 0e00 

  0x00007f8a3c620634: ;   {oop("allow-objects"{0x0000000451031e80})}
  0x00007f8a3c620634: 00ff c949 | b880 1e03 | 5104 0000 | 0041 8b58 | 0c85 db0f | 85f3 0100 | 0041 0fb6 | 5811 85db 
  0x00007f8a3c620654: 0f85 f109 | 0000 ba0d 

  0x00007f8a3c62065c: ;   {oop([B{0x0000000451031e98})}
  0x00007f8a3c62065c: 0000 0048 | bf98 1e03 | 5104 0000 | 0048 83c7 | 1033 db83 | fa20 0f8c | 6d01 0000 | 33f6 c5d5 
  0x00007f8a3c62067c: efed c5cd | eff6 c5c5 | efff c441 

  0x00007f8a3c620688: ;   {external_word}
  0x00007f8a3c620688: 3def c049 | b800 344b | 548a 7f00 | 0041 8b28 | c5f9 6ec5 | c4e2 7d58 | c044 8bc2 | 4183 e0e0 
  0x00007f8a3c6206a8: 0faf ddc5 | 7a7e 0c37 | c57a 7e54 | 3708 c57a | 7e5c 3710 | c57a 7e64 | 3718 c4e2 | 5540 e8c4 
  0x00007f8a3c6206c8: 427d 31c9 | c4c1 55fe | e9c4 e24d | 40f0 c442 | 7d31 d2c4 | c14d fef2 | c4e2 4540 | f8c4 427d 
  0x00007f8a3c6206e8: 31db c4c1 | 45fe fbc4 | 623d 40c0 | c442 7d31 | e4c4 413d | fec4 83c6 | 2041 3bf0 | 7ca2 4a8d 
  0x00007f8a3c620708: 3c07 412b 

  0x00007f8a3c62070c: ;   {external_word}
  0x00007f8a3c62070c: d049 b804 | 344b 548a | 7f00 00c4 | c17e 6f08 | c4e2 5540 

  0x00007f8a3c620720: ;   {external_word}
  0x00007f8a3c620720: e949 b824 | 344b 548a | 7f00 00c4 | c17e 6f10 | c4e2 4d40 

  0x00007f8a3c620734: ;   {external_word}
  0x00007f8a3c620734: f249 b844 | 344b 548a | 7f00 00c4 | c17e 6f18 | c4e2 4540 

  0x00007f8a3c620748: ;   {external_word}
  0x00007f8a3c620748: fb49 b864 | 344b 548a | 7f00 00c4 | c17e 6f20 | c462 3d40 | c4c4 6255 | 02cd c443 | 7d39 ca01 
  0x00007f8a3c620768: c441 31fe | cac4 4231 | 02c9 c579 | 6ed3 c441 | 31fe cac5 | 797e cbc4 | 624d 02de | c443 7d39 
  0x00007f8a3c620788: dc01 c441 | 21fe dcc4 | 4221 02db | c579 6ee3 | c441 21fe | dcc5 797e | dbc4 6245 | 02cf c443 
  0x00007f8a3c6207a8: 7d39 ca01 | c441 31fe | cac4 4231 | 02c9 c579 | 6ed3 c441 | 31fe cac5 | 797e cbc4 | 423d 02d8 
  0x00007f8a3c6207c8: c443 7d39 | dc01 c441 | 21fe dcc4 | 4221 02db | c579 6ee3 | c441 21fe | dcc5 797e | dbbe 0100 
  0x00007f8a3c6207e8: 0000 3bf2 | 0f8d 2600 | 0000 bdc1 | 0300 000f | afdd 440f | b644 37ff | 418b e8c1 | e505 412b 
  0x00007f8a3c620808: e803 dd0f | b62c 3703 | dd83 c602 | 3bf2 7cda | 7f10 448b | c3c1 e305 | 412b d80f | b66c 37ff 
  0x00007f8a3c620828: 03dd 85db | 0f84 ba0d 

  0x00007f8a3c620830: ;   {oop("allow-objects"{0x0000000451031e80})}
  0x00007f8a3c620830: 0000 49b8 | 801e 0351 | 0400 0000 | 4189 580c | 448b c341 | c1e8 1044 | 33c3 4123 | c849 c1e3 
  0x00007f8a3c620850: 0345 8b5c | 8b10 4585 | db0f 849a | 0000 0043 | 8b4c dc0c | 413b c80f | 857f 0000 | 0043 8b4c 
  0x00007f8a3c620870: dc10 4b8d 

  0x00007f8a3c620874: ;   {oop("allow-objects"{0x0000000451031e80})}
  0x00007f8a3c620874: 2cdc 81f9 | d063 208a | 7448 4489 | 5c24 3844 | 8944 243c | 4c89 4c24 | 304c 8954 | 2428 488b 
  0x00007f8a3c620894: d148 c1e2 

  0x00007f8a3c620898: ;   {oop("allow-objects"{0x0000000451031e80})}
  0x00007f8a3c620898: 0348 be80 | 1e03 5104 | 0000 0090 

  0x00007f8a3c6208a4: ;   {optimized virtual_call}
  0x00007f8a3c6208a4: c5f8 77e8 

  0x00007f8a3c6208a8: ; ImmutableOopMap {rbp=Oop [8]=Oop [16]=Oop [24]=Oop [32]=Oop [40]=Oop [48]=Oop [56]=NarrowOop [64]=Oop }
                      ;*invokevirtual equals {reexecute=0 rethrow=0 return_oop=0}
                      ; - java.util.HashMap::getNode@63 (line 578)
                      ; - java.util.HashMap::get@2 (line 564)
                      ; - com.sun.jna.Function::invoke@71 (line 339)
  0x00007f8a3c6208a8: d4fa 85ff 

  0x00007f8a3c6208ac: ;   {other}
  0x00007f8a3c6208ac: 0f1f 8400 | 1c0a 0001 | 85c0 0f84 | 800e 0000 | 4c8b 5424 | 284c 8b4c | 2430 448b | 4514 4585 
  0x00007f8a3c6208cc: c074 2a47 | 8b5c c408 

  0x00007f8a3c6208d4: ;   {metadata('java/lang/Boolean')}
  0x00007f8a3c6208d4: 4181 fb70 | 6200 000f | 85cb 0e00 | 004f 8d1c | c445 0fb6 | 430c eb10 | 438b 4cdc | 1885 c90f 
  0x00007f8a3c6208f4: 85af 0600 | 0045 33c0 | 4c8b 6c24 | 4041 8b6d | 0c85 ed0f | 8625 0100 | 0048 8b5c | 2410 448b 
  0x00007f8a3c620914: 5b20 4181 | e380 0000 | 0045 85db | 0f85 0a0c | 0000 488b | 7c24 188b | 4f0c 85c9 | 0f86 b60a 
  0x00007f8a3c620934: 0000 448d | 5dff 443b | d90f 83a9 | 0a00 0044 | 3bdd 0f83 | a00a 0000 | 33c9 4889 | 7c24 284c 
  0x00007f8a3c620954: 8954 2430 | 48ff 7424 | 4048 8f44 | 2438 4c89 | 4c24 4044 | 8944 241c | 896c 2454 | eb02 8bcd 
  0x00007f8a3c620974: 894c 2418 | 4863 e948 | c1e5 024c | 8b54 2428 | 458b 5c2a | 104d 8bd3 | 49c1 e203 | 488b 7424 
  0x00007f8a3c620994: 0848 8b54 | 2438 4c8b | 4424 104c | 8b4c 2440 | 8b7c 241c | 4c89 1424 

  0x00007f8a3c6209ac: ;   {optimized virtual_call}
  0x00007f8a3c6209ac: c5f8 77e8 

  0x00007f8a3c6209b0: ; ImmutableOopMap {[8]=Oop [16]=Oop [32]=Oop [40]=Oop [48]=Oop [56]=Oop [64]=Oop }
                      ;*invokespecial convertArgument {reexecute=0 rethrow=0 return_oop=1}
                      ; - com.sun.jna.Function::invoke@188 (line 348)
  0x00007f8a3c6209b0: 4c37 0200 

  0x00007f8a3c6209b4: ;   {other}
  0x00007f8a3c6209b4: 0f1f 8400 | 240b 0002 | 4c8b f04c | 8b6c 2438 | 498d 5c2d | 1041 807f | 4000 0f85 | 2f07 0000 
  0x00007f8a3c6209d4: 4d8b de8b | 6c24 18ff | c54d 8bd6 | 49c1 ea03 | 4489 134c | 8bd3 4d33 | da49 c1eb | 174d 85db 
  0x00007f8a3c6209f4: 741f 4d85 | f674 1a49 | c1ea 0948 | bf00 f0a7 | 2e8a 7f00 | 0049 03fa | 803f 020f | 8524 0700 
  0x00007f8a3c620a14: 003b 6c24 | 540f 8c53 | ffff ff4c | 8b54 2430 | 4c8b 4c24 | 4044 8b44 | 241c 8b6c | 2454 4c8b 
  0x00007f8a3c620a34: 7424 204d | 85f6 0f84 | 4a07 0000 | 498b 7610 | 4885 f674 | 644c 8b5e 

  0x00007f8a3c620a4c: ;   {metadata('com/sun/jna/NativeMapped')}
  0x00007f8a3c620a4c: 2048 b8f8 | d000 c489 | 7f00 004c | 3bd8 0f84 | 7408 0000 | 483b f00f | 846b 0800 | 0048 33ff 
  0x00007f8a3c620a6c: 4c8b 9ea0 | 0000 0049 | 8bd3 48c1 | e220 0f89 | 2100 0000 | f348 0fb8 | d248 8b5e | 2848 3b04 
  0x00007f8a3c620a8c: d374 1549 | 0fba e320 | 730b 49c1 

  0x00007f8a3c620a98: ;   {runtime_call StubRoutines (compiler stubs)}
  0x00007f8a3c620a98: cb1f e8d8 | de88 ffeb | 0348 ffc7 | 4885 ff0f | 8427 0800 | 004d 85c9 | 0f85 d708 | 0000 4c89 
  0x00007f8a3c620ab8: 6c24 284c | 8954 2420 | 498b ce48 | 894c 2418 | 488b 7424 | 0849 8bd5 | 4533 c990 

  0x00007f8a3c620ad4: ;   {optimized virtual_call}
  0x00007f8a3c620ad4: c5f8 77e8 

  0x00007f8a3c620ad8: ; ImmutableOopMap {[8]=Oop [16]=Oop [24]=Oop [32]=Oop [40]=Oop }
                      ;*invokevirtual invoke {reexecute=0 rethrow=0 return_oop=1}
                      ; - com.sun.jna.Function::invoke@271 (line 364)
  0x00007f8a3c620ad8: c4fe 0000 

  0x00007f8a3c620adc: ;   {other}
  0x00007f8a3c620adc: 0f1f 8400 | 4c0c 0003 | c4e1 f96e | c848 8b5c | 2420 4885 | db0f 844e | 0400 0044 | 8b53 0c45 
  0x00007f8a3c620afc: 85d2 0f86 | 4104 0000 | 458d 5aff | 453b da0f | 830b 0900 | 0044 8b5b | 1045 85db | 0f84 d600 
  0x00007f8a3c620b1c: 0000 438b | 4cdc 084f | 8d0c dc49 | b800 0000 | c389 7f00 | 004c 03c1 | 4d8b 5838 

  0x00007f8a3c620b38: ;   {metadata('com/sun/jna/Structure')}
  0x00007f8a3c620b38: 48b9 4088 | 00c4 897f | 0000 4c3b | d90f 84f5 | 0800 0085 | ed0f 860f | 0900 0048 | 8b7c 2428 
  0x00007f8a3c620b58: 448b 5f10 

  0x00007f8a3c620b5c: ; implicit exception: dispatches to 0x00007f8a3c62180c
  0x00007f8a3c620b5c: 438b 4cdc | 0848 be00 | 0000 c389 | 7f00 0048 | 03f1 4c8b 

  0x00007f8a3c620b70: ;   {metadata('com/sun/jna/Function$PostCallRead')}
  0x00007f8a3c620b70: 5e20 48b9 | 8826 01c4 | 897f 0000 | 4c3b d90f | 84cd 0800 | 00c4 e1f9 

  0x00007f8a3c620b88: ;   {metadata('com/sun/jna/Function$PostCallRead')}
  0x00007f8a3c620b88: 6ec3 48b8 | 8826 01c4 | 897f 0000 | 4833 ff4c | 8b9e a000 | 0000 498b | d348 c1e2 | 330f 8921 
  0x00007f8a3c620ba8: 0000 00f3 | 480f b8d2 | 488b 5e28 | 483b 04d3 | 7415 490f | bae3 0d73 | 0b49 c1cb 

  0x00007f8a3c620bc4: ;   {runtime_call StubRoutines (compiler stubs)}
  0x00007f8a3c620bc4: 0ce8 addd | 88ff eb03 | 48ff c748 | 85ff 0f84 | 7008 0000 | 4d8b 5840 

  0x00007f8a3c620bdc: ;   {metadata('com/sun/jna/Structure'[])}
  0x00007f8a3c620bdc: 49b8 d074 | 01c4 897f | 0000 4d3b | d80f 846b | 0800 00c4 | e1f9 7ec3 | 4d63 da4c | 63c5 4d3b 
  0x00007f8a3c620bfc: d84d 0f4c | c345 8bd8 | c4c1 796e | eb45 8d73 | ff41 b801 | 0000 0041 | 83fe 010f | 8e2d 0200 
  0x00007f8a3c620c1c: 00c4 c179 | 7eed 452b | e841 ffcd | 4533 db45 | 3bf0 450f | 4ceb 4181 | fdd0 0700 | 0041 b9d0 
  0x00007f8a3c620c3c: 0700 0045 | 0f47 e945 | 03e8 6666 | 0f1f 8400 | 0000 0000 | 468b 4c83 | 1045 85c9 | 0f84 d900 
  0x00007f8a3c620c5c: 0000 c4c1 | 796e d2c4 | e1f9 6ec3 | 478b 5ccc | 0849 c1e1 | 0349 ba00 | 0000 c389 | 7f00 004d 
  0x00007f8a3c620c7c: 03d3 4d8b 

  0x00007f8a3c620c80: ;   {metadata('com/sun/jna/Structure')}
  0x00007f8a3c620c80: 5a38 48b9 | 4088 00c4 | 897f 0000 | 4c3b d90f | 84a4 0500 | 004c 8b5c | 2428 478b | 5c83 1047 
  0x00007f8a3c620ca0: 8b5c dc08 | 48be 0000 | 00c3 897f | 0000 4903 | f34c 8b5e 

  0x00007f8a3c620cb4: ;   {metadata('com/sun/jna/Function$PostCallRead')}
  0x00007f8a3c620cb4: 2048 b988 | 2601 c489 | 7f00 004c | 3bd9 0f84 | a305 0000 

  0x00007f8a3c620cc8: ;   {metadata('com/sun/jna/Function$PostCallRead')}
  0x00007f8a3c620cc8: 48b8 8826 | 01c4 897f | 0000 4833 | ff4c 8b9e | a000 0000 | 498b d348 | c1e2 330f | 8921 0000 
  0x00007f8a3c620ce8: 00f3 480f | b8d2 488b | 5e28 483b | 04d3 7415 | 490f bae3 | 0d73 0b49 

  0x00007f8a3c620d00: ;   {runtime_call StubRoutines (compiler stubs)}
  0x00007f8a3c620d00: c1cb 0ce8 | 6fdc 88ff | eb03 48ff | c748 85ff | 0f84 5505 | 0000 4d8b 

  0x00007f8a3c620d18: ;   {metadata('com/sun/jna/Structure'[])}
  0x00007f8a3c620d18: 5240 49bb | d074 01c4 | 897f 0000 | 4d3b d30f | 847a 0500 | 00c4 e1f9 | 7ec3 c4c1 | 797e d246 
  0x00007f8a3c620d38: 8b5c 8314 | 4585 db0f | 84e5 0000 | 00c4 c179 | 6ed2 c5f9 | 6edd c4e1 | f96e c343 | 8b4c dc08 
  0x00007f8a3c620d58: 4f8d 0cdc | 458d 5001 | 48bd 0000 | 00c3 897f | 0000 4803 | e94c 8b5d 

  0x00007f8a3c620d70: ;   {metadata('com/sun/jna/Structure')}
  0x00007f8a3c620d70: 3848 b940 | 8800 c489 | 7f00 004c | 3bd9 0f84 | b204 0000 | 4c8b 5c24 | 2843 8b4c | 8314 418b 
  0x00007f8a3c620d90: 4ccc 0848 | be00 0000 | c389 7f00 | 0048 03f1 | 4c8b 5e20 

  0x00007f8a3c620da4: ;   {metadata('com/sun/jna/Function$PostCallRead')}
  0x00007f8a3c620da4: 48b9 8826 | 01c4 897f | 0000 4c3b | d90f 84b1 

  0x00007f8a3c620db4: ;   {metadata('com/sun/jna/Function$PostCallRead')}
  0x00007f8a3c620db4: 0400 0048 | b888 2601 | c489 7f00 | 0048 33ff | 4c8b 9ea0 | 0000 0049 | 8bd3 48c1 | e233 0f89 
  0x00007f8a3c620dd4: 2100 0000 | f348 0fb8 | d248 8b5e | 2848 3b04 | d374 1549 | 0fba e30d | 730b 49c1 

  0x00007f8a3c620df0: ;   {runtime_call StubRoutines (compiler stubs)}
  0x00007f8a3c620df0: cb0c e880 | db88 ffeb | 0348 ffc7 | 4885 ff0f | 8463 0400 | 004c 8b5d 

  0x00007f8a3c620e08: ;   {metadata('com/sun/jna/Structure'[])}
  0x00007f8a3c620e08: 4048 b9d0 | 7401 c489 | 7f00 004c | 3bd9 0f84 | 8804 0000 | c4e1 f97e | c3c5 f97e | ddc4 c179 
  0x00007f8a3c620e28: 7ed2 4183 | c002 453b | c50f 8c19 | feff ff4d | 8b9f 5004 

  0x00007f8a3c620e3c: ; ImmutableOopMap {rbx=Oop xmm1=Oop [40]=Oop }
                      ;*goto {reexecute=1 rethrow=0 return_oop=0}
                      ; - (reexecute) com.sun.jna.Function::invoke@542 (line 378)
                      ;   {poll}
  0x00007f8a3c620e3c: 0000 4185 | 0345 3bc6 | 0f8c d3fd | ffff 453b | c20f 8df2 | 0000 0090 | 428b 4c83 | 1085 c90f 
  0x00007f8a3c620e5c: 84d8 0000 | 0045 8b5c | cc08 4d8d | 0ccc 49bd | 0000 00c3 | 897f 0000 | 4d03 eb4d 

  0x00007f8a3c620e78: ;   {metadata('com/sun/jna/Structure')}
  0x00007f8a3c620e78: 8b5d 3848 | b940 8800 | c489 7f00 | 004c 3bd9 | 0f84 b003 | 0000 443b | c50f 83ce | 0500 0048 
  0x00007f8a3c620e98: 8b7c 2428 | 428b 4c87 | 1045 8b5c | cc08 48be | 0000 00c3 | 897f 0000 | 4903 f34c 

  0x00007f8a3c620eb4: ;   {metadata('com/sun/jna/Function$PostCallRead')}
  0x00007f8a3c620eb4: 8b5e 2048 | b988 2601 | c489 7f00 | 004c 3bd9 | 0f84 ab03 | 0000 c4e1 

  0x00007f8a3c620ecc: ;   {metadata('com/sun/jna/Function$PostCallRead')}
  0x00007f8a3c620ecc: f96e c348 | b888 2601 | c489 7f00 | 0048 33ff | 4c8b 9ea0 | 0000 0049 | 8bd3 48c1 | e233 0f89 
  0x00007f8a3c620eec: 2100 0000 | f348 0fb8 | d248 8b5e | 2848 3b04 | d374 1549 | 0fba e30d | 730b 49c1 

  0x00007f8a3c620f08: ;   {runtime_call StubRoutines (compiler stubs)}
  0x00007f8a3c620f08: cb0c e868 | da88 ffeb | 0348 ffc7 | 4885 ff0f | 8473 0500 | 004d 8b5d 

  0x00007f8a3c620f20: ;   {metadata('com/sun/jna/Structure'[])}
  0x00007f8a3c620f20: 4048 b9d0 | 7401 c489 | 7f00 004c | 3bd9 0f84 | 7303 0000 | c4e1 f97e | c341 ffc0 | 453b c20f 
  0x00007f8a3c620f40: 8c0f ffff | ffc4 e1f9 | 7ec8 c5f8 | 7748 83c4 

  0x00007f8a3c620f50: ;   {poll_return}
  0x00007f8a3c620f50: 705d 493b | a748 0400 | 000f 874f | 0900 00c3 | 438b 74cc 

  0x00007f8a3c620f64: ;   {metadata('java/util/HashMap$TreeNode')}
  0x00007f8a3c620f64: 0881 fe28 | 121b 000f | 84d7 0600 | 004b 8d2c | c466 6666 | 0f1f 8400 | 0000 0000 | 448b 5d0c 
  0x00007f8a3c620f84: 443b d90f | 84c5 0000 | 004d 8b8f | 5004 0000 

  0x00007f8a3c620f94: ; ImmutableOopMap {r10=Oop rbx=NarrowOop r13=Oop [8]=Oop [16]=Oop [24]=Oop [32]=Oop [64]=Oop }
                      ;*ifnonnull {reexecute=1 rethrow=0 return_oop=0}
                      ; - (reexecute) java.util.HashMap::getNode@145 (line 587)
                      ; - java.util.HashMap::get@2 (line 564)
                      ; - com.sun.jna.Function::invoke@54 (line 338)
                      ;   {poll}
  0x00007f8a3c620f94: 8b5d 1841 | 8501 85db | 0f84 76f6 | ffff 498d | 2cdc ebd8 | 438b 5cdc 

  0x00007f8a3c620fac: ;   {metadata('java/util/HashMap$TreeNode')}
  0x00007f8a3c620fac: 0881 fb28 | 121b 000f | 84db 0600 | 0049 8d2c | cc66 6690 | 8b4d 0c41 | 3bc8 0f84 | df00 0000 
  0x00007f8a3c620fcc: 498b 8f50 | 0400 008b 

  0x00007f8a3c620fd4: ; ImmutableOopMap {r10=Oop r9=Oop rbx=NarrowOop [8]=Oop [16]=Oop [24]=Oop [32]=Oop [64]=Oop }
                      ;*ifnonnull {reexecute=1 rethrow=0 return_oop=0}
                      ; - (reexecute) java.util.HashMap::getNode@145 (line 587)
                      ; - java.util.HashMap::get@2 (line 564)
                      ; - com.sun.jna.Function::invoke@71 (line 339)
                      ;   {poll}
  0x00007f8a3c620fd4: 5d18 8501 | 85db 0f84 | 19f9 ffff | 498d 2cdc | ebda 4833 | ff4c 8b9e | a000 0000 | 498b d348 
  0x00007f8a3c620ff4: c1e2 140f | 8921 0000 | 00f3 480f | b8d2 488b | 5e28 483b | 04d3 7415 | 490f bae3 | 2c73 0b49 
  0x00007f8a3c621014: ;   {runtime_call StubRoutines (compiler stubs)}
  0x00007f8a3c621014: c1cb 2be8 | 5bd9 88ff | eb03 48ff | c748 85ff | 0f84 daf5 | ffff bede | ffff ff41 | 8be8 6690 
  0x00007f8a3c621034: ;   {runtime_call UncommonTrapBlob}
  0x00007f8a3c621034: c5f8 77e8 

  0x00007f8a3c621038: ; ImmutableOopMap {rbp=NarrowOop }
                      ;*checkcast {reexecute=0 rethrow=0 return_oop=0}
                      ; - com.sun.jna.Function::invoke@59 (line 338)
  0x00007f8a3c621038: c44e 86ff 

  0x00007f8a3c62103c: ;   {other}
  0x00007f8a3c62103c: 0f1f 8400 | ac11 0007 | 33db e904 | f5ff ff33 | dbe9 eef7 | ffff 448b 

  0x00007f8a3c621054: ;   {oop("type-mapper"{0x0000000451031fa8})}
  0x00007f8a3c621054: 5d10 4181 | fbf5 6320 | 8a0f 846f | f5ff ff89 | 4c24 384c | 896c 2430 | 4c89 5424 | 2849 8bd3 
  0x00007f8a3c621074: 48c1 e203 

  0x00007f8a3c621078: ;   {oop("type-mapper"{0x0000000451031fa8})}
  0x00007f8a3c621078: 48be a81f | 0351 0400 | 0000 6690 

  0x00007f8a3c621084: ;   {optimized virtual_call}
  0x00007f8a3c621084: c5f8 77e8 

  0x00007f8a3c621088: ; ImmutableOopMap {rbp=Oop [8]=Oop [16]=Oop [24]=Oop [32]=Oop [40]=Oop [48]=Oop [64]=Oop }
                      ;*invokevirtual equals {reexecute=0 rethrow=0 return_oop=0}
                      ; - java.util.HashMap::getNode@128 (line 585)
                      ; - java.util.HashMap::get@2 (line 564)
                      ; - com.sun.jna.Function::invoke@54 (line 338)
  0x00007f8a3c621088: f4f2 85ff 

  0x00007f8a3c62108c: ;   {other}
  0x00007f8a3c62108c: 0f1f 8400 | fc11 0008 | 85c0 0f84 | 1701 0000 | 4c8b 5424 | 284c 8b6c | 2430 e927 | f5ff ff8b 
  0x00007f8a3c6210ac: ;   {oop("allow-objects"{0x0000000451031e80})}
  0x00007f8a3c6210ac: 4d10 81f9 | d063 208a | 0f84 0cf8 | ffff 4489 | 4424 384c | 894c 2430 | 4c89 5424 | 2848 8bd1 
  0x00007f8a3c6210cc: 48c1 e203 

  0x00007f8a3c6210d0: ;   {oop("allow-objects"{0x0000000451031e80})}
  0x00007f8a3c6210d0: 48be 801e | 0351 0400 | 0000 6690 

  0x00007f8a3c6210dc: ;   {optimized virtual_call}
  0x00007f8a3c6210dc: c5f8 77e8 

  0x00007f8a3c6210e0: ; ImmutableOopMap {rbp=Oop [8]=Oop [16]=Oop [24]=Oop [32]=Oop [40]=Oop [48]=Oop [64]=Oop }
                      ;*invokevirtual equals {reexecute=0 rethrow=0 return_oop=0}
                      ; - java.util.HashMap::getNode@128 (line 585)
                      ; - java.util.HashMap::get@2 (line 564)
                      ; - com.sun.jna.Function::invoke@71 (line 339)
  0x00007f8a3c6210e0: 9cf2 85ff 

  0x00007f8a3c6210e4: ;   {other}
  0x00007f8a3c6210e4: 0f1f 8400 | 5412 0009 | 85c0 0f84 | d200 0000 | 4c8b 5424 | 284c 8b4c | 2430 e9c3 | f7ff ff44 
  0x00007f8a3c621104: 8b13 4585 | d20f 84c5 | f8ff ff4d | 8b5f 2849 | 8bfa 48c1 | e703 4d85 | db0f 84a9 | 0200 004d 
  0x00007f8a3c621124: 8b57 384b | 897c 1af8 | 4983 c3f8 | 4d89 5f28 | e99b f8ff | ff4d 8b57 | 584d 8b5f | 48f0 8344 
  0x00007f8a3c621144: 24c0 0080 | 3f00 0f84 | c5f8 ffff | 4488 274d | 85db 7520 | 498b f7c5 | f877 49ba | 5095 a953 
  0x00007f8a3c621164: 8a7f 0000 

  0x00007f8a3c621168: ;   {other}
  0x00007f8a3c621168: 41ff d20f | 1f84 0000 | 0000 00e9 | 9df8 ffff | 4b89 7c1a | f849 83c3 | f84d 895f | 48e9 8bf8 
  0x00007f8a3c621188: ffff 4180 | 7f40 000f | 85b7 0100 

  0x00007f8a3c621194: ;   {oop(a 'java/lang/NullPointerException'{0x0000000451040000})}
  0x00007f8a3c621194: 0049 ba00 | 0004 5104 | 0000 0045 | 8962 1449 | 8bf2 c5f8 | 7748 83c4 

  0x00007f8a3c6211ac: ;   {runtime_call _rethrow_Java}
  0x00007f8a3c6211ac: 705d e94d | 0b93 ff4c | 8b54 2428 | 4c8b 6c24 | 308b 4c24 | 38e9 c7fd | ffff 4c8b | 5424 284c 
  0x00007f8a3c6211cc: 8b4c 2430 | 448b 4424 | 38e9 f2fd 

  0x00007f8a3c6211d8: ;   {metadata('java/lang/Object'[])}
  0x00007f8a3c6211d8: ffff 48be | 7012 00c3 | 897f 0000 | 33d2 6690 

  0x00007f8a3c6211e8: ;   {runtime_call _new_array_Java}
  0x00007f8a3c6211e8: c5f8 77e8 

  0x00007f8a3c6211ec: ; ImmutableOopMap {rbp=Oop [8]=Oop [16]=Oop [24]=Oop [32]=Oop [40]=Oop }
                      ;*anewarray {reexecute=0 rethrow=0 return_oop=1}
                      ; - com.sun.jna.Function::invoke@1 (line 329)
  0x00007f8a3c6211ec: 10ef 92ff 

  0x00007f8a3c6211f0: ;   {other}
  0x00007f8a3c6211f0: 0f1f 8400 | 6013 000a | e94d f0ff | ff48 8954 | 2438 4489 

  0x00007f8a3c621204: ;   {metadata('java/lang/Object'[])}
  0x00007f8a3c621204: 5424 3048 | be70 1200 | c389 7f00 | 0041 8bd2 

  0x00007f8a3c621214: ;   {runtime_call _new_array_Java}
  0x00007f8a3c621214: c5f8 77e8 

  0x00007f8a3c621218: ; ImmutableOopMap {rbp=Oop [8]=Oop [16]=Oop [24]=Oop [32]=Oop [40]=Oop }
                      ;*anewarray {reexecute=0 rethrow=0 return_oop=1}
                      ; - com.sun.jna.Function::invoke@33 (line 334)
  0x00007f8a3c621218: e4ee 92ff 

  0x00007f8a3c62121c: ;   {other}
  0x00007f8a3c62121c: 0f1f 8400 | 8c13 000b | 448b 5424 | 3048 8b54 | 2438 488b | d8e9 a6f0 | ffff 458b | c2c4 e1f9 
  0x00007f8a3c62123c: 7ec3 be45 | ffff ff48 | 8beb c5fb | 114c 2410 | 4489 4424 | 184c 894c | 2420 6690 

  0x00007f8a3c621258: ;   {runtime_call UncommonTrapBlob}
  0x00007f8a3c621258: c5f8 77e8 

  0x00007f8a3c62125c: ; ImmutableOopMap {rbp=Oop [16]=Oop [32]=Oop [40]=Oop }
                      ;*ifeq {reexecute=1 rethrow=0 return_oop=0}
                      ; - (reexecute) com.sun.jna.Function::invoke@364 (line 382)
  0x00007f8a3c62125c: a04c 86ff 

  0x00007f8a3c621260: ;   {other}
  0x00007f8a3c621260: 0f1f 8400 | d013 000c | 458b c2c4 | e1f9 7ec3 | 488b 7c24 | 28be 45ff | ffff 488b | eb48 897c 
  0x00007f8a3c621280: 2408 c5fb | 114c 2410 | 4489 4424 | 184c 894c | 2420 6690 

  0x00007f8a3c621294: ;   {runtime_call UncommonTrapBlob}
  0x00007f8a3c621294: c5f8 77e8 

  0x00007f8a3c621298: ; ImmutableOopMap {rbp=Oop [8]=Oop [16]=Oop [32]=Oop }
                      ;*ifeq {reexecute=1 rethrow=0 return_oop=0}
                      ; - (reexecute) com.sun.jna.Function::invoke@394 (line 386)
  0x00007f8a3c621298: 644c 86ff 

  0x00007f8a3c62129c: ;   {other}
  0x00007f8a3c62129c: 0f1f 8400 | 0c14 000d | 458b c2be | 45ff ffff | c4e1 f97e | c5c5 fb11 | 4c24 1044 | 8944 2418 
  0x00007f8a3c6212bc: 4c89 4c24 | 2066 6690 

  0x00007f8a3c6212c4: ;   {runtime_call UncommonTrapBlob}
  0x00007f8a3c6212c4: c5f8 77e8 

  0x00007f8a3c6212c8: ; ImmutableOopMap {rbp=Oop [16]=Oop [32]=Oop [40]=Oop }
                      ;*ifeq {reexecute=1 rethrow=0 return_oop=0}
                      ; - (reexecute) com.sun.jna.Function::invoke@525 (line 399)
  0x00007f8a3c6212c8: 344c 86ff 

  0x00007f8a3c6212cc: ;   {other}
  0x00007f8a3c6212cc: 0f1f 8400 | 3c14 000e | be45 ffff | ff48 8b6c | 2408 4c8b | 5c24 104c | 895c 2408 | 4c89 7424 
  0x00007f8a3c6212ec: 104c 8954 | 2418 4c89 | 6c24 2044 | 8944 2428 

  0x00007f8a3c6212fc: ;   {runtime_call UncommonTrapBlob}
  0x00007f8a3c6212fc: c5f8 77e8 

  0x00007f8a3c621300: ; ImmutableOopMap {rbp=Oop [8]=Oop [16]=Oop [24]=Oop [32]=Oop }
                      ;*ifeq {reexecute=1 rethrow=0 return_oop=0}
                      ; - (reexecute) com.sun.jna.Function::invoke@210 (line 353)
  0x00007f8a3c621300: fc4b 86ff 

  0x00007f8a3c621304: ;   {other}
  0x00007f8a3c621304: 0f1f 8400 | 7414 000f | bede ffff | ff48 8b6c | 2408 4c8b | 4424 104c | 8944 2408 | 4c8b 4424 
  0x00007f8a3c621324: 184c 8944 | 2410 4c8b | 4424 204c | 8944 2418 | 4c89 5424 | 2066 6690 

  0x00007f8a3c62133c: ;   {runtime_call UncommonTrapBlob}
  0x00007f8a3c62133c: c5f8 77e8 

  0x00007f8a3c621340: ; ImmutableOopMap {rbp=Oop [8]=Oop [16]=Oop [24]=Oop [32]=Oop [40]=Oop [64]=Oop }
                      ;*invokeinterface get {reexecute=0 rethrow=0 return_oop=0}
                      ; - com.sun.jna.Function::invoke@54 (line 338)
  0x00007f8a3c621340: bc4b 86ff 

  0x00007f8a3c621344: ;   {other}
  0x00007f8a3c621344: 0f1f 8400 | b414 0010 

  0x00007f8a3c62134c: ;   {oop(a 'java/lang/NullPointerException'{0x0000000451040000})}
  0x00007f8a3c62134c: 49ba 0000 | 0451 0400 | 0000 458b | 5a14 4585 | db0f 8432 | feff ff4d | 8b57 2849 | 8bfb 48c1 
  0x00007f8a3c62136c: e703 4d85 | d20f 8415 | 0400 004d | 8b5f 384b | 897c 13f8 | 4983 c2f8 | 4d89 5728 | e908 feff 
  0x00007f8a3c62138c: ffbe 54ff | ffff 488b | 6c24 084c | 8b5c 2410 | 4c89 5c24 | 084c 8954 | 2418 4c89 | 6c24 2044 
  0x00007f8a3c6213ac: 8944 2430 | 4c89 7424 | 384c 894c | 2440 6690 

  0x00007f8a3c6213bc: ;   {runtime_call UncommonTrapBlob}
  0x00007f8a3c6213bc: c5f8 77e8 

  0x00007f8a3c6213c0: ; ImmutableOopMap {rbp=Oop [8]=Oop [24]=Oop [32]=Oop [56]=Oop [64]=Oop }
                      ;*ifnull {reexecute=1 rethrow=0 return_oop=0}
                      ; - (reexecute) com.sun.jna.Function::invoke@235 (line 357)
  0x00007f8a3c6213c0: 3c4b 86ff 

  0x00007f8a3c6213c4: ;   {other}
  0x00007f8a3c6213c4: 0f1f 8400 | 3415 0011 | 498b f7c5 | f877 49ba | 2095 a953 | 8a7f 0000 

  0x00007f8a3c6213dc: ;   {other}
  0x00007f8a3c6213dc: 41ff d20f | 1f84 0000 | 0000 00e9 | e8f5 ffff | be76 ffff | ff4c 8954 | 2428 48ff | 7424 4048 
  0x00007f8a3c6213fc: 8f44 2430 | 4c89 4c24 | 3844 8944 | 2440 6690 

  0x00007f8a3c62140c: ;   {runtime_call UncommonTrapBlob}
  0x00007f8a3c62140c: c5f8 77e8 

  0x00007f8a3c621410: ; ImmutableOopMap {[8]=Oop [16]=Oop [24]=Oop [32]=Oop [40]=Oop [48]=Oop [56]=Oop }
                      ;*if_icmpge {reexecute=1 rethrow=0 return_oop=0}
                      ; - (reexecute) com.sun.jna.Function::invoke@129 (line 342)
  0x00007f8a3c621410: ec4a 86ff 

  0x00007f8a3c621414: ;   {other}
  0x00007f8a3c621414: 0f1f 8400 | 8415 0012 | be76 ffff | ff48 8beb | 4889 4424 | 1044 8954 | 2418 6690 

  0x00007f8a3c621430: ;   {runtime_call UncommonTrapBlob}
  0x00007f8a3c621430: c5f8 77e8 

  0x00007f8a3c621434: ; ImmutableOopMap {rbp=Oop [16]=Oop [40]=Oop }
                      ;*if_icmpge {reexecute=1 rethrow=0 return_oop=0}
                      ; - (reexecute) com.sun.jna.Function::invoke@341 (line 378)
  0x00007f8a3c621434: c84a 86ff 

  0x00007f8a3c621438: ;   {other}
  0x00007f8a3c621438: 0f1f 8400 | a815 0013 | 4533 c0e9 | f6fd ffff | c4e1 f97e | c348 8b7c | 2428 4533 | c0e9 1bfe 
  0x00007f8a3c621458: ffff 4533 | c0e9 45fe | ffff 4533 | c0be e4ff | ffff 488b | ebc5 fb11 | 4c24 104c | 894c 2420 
  0x00007f8a3c621478: 4489 4424 | 1c66 6690 

  0x00007f8a3c621480: ;   {runtime_call UncommonTrapBlob}
  0x00007f8a3c621480: c5f8 77e8 

  0x00007f8a3c621484: ; ImmutableOopMap {rbp=Oop [16]=Oop [32]=Oop [40]=Oop }
                      ;*aaload {reexecute=0 rethrow=0 return_oop=0}
                      ; - com.sun.jna.Function::invoke@390 (line 386)
  0x00007f8a3c621484: 784a 86ff 

  0x00007f8a3c621488: ;   {other}
  0x00007f8a3c621488: 0f1f 8400 | f815 0014 | c4e1 f97e | c348 8b7c | 2428 e9d6 | fdff ffbe | 45ff ffff | 488b 6c24 
  0x00007f8a3c6214a8: 084c 8b5c | 2410 4c89 | 5c24 084c | 8b5c 2418 | 4c89 5c24 | 104c 8b5c | 2420 4c89 | 5c24 184c 
  0x00007f8a3c6214c8: 8954 2420 | 4c89 6c24 | 2844 894c | 2438 6690 

  0x00007f8a3c6214d8: ;   {runtime_call UncommonTrapBlob}
  0x00007f8a3c6214d8: c5f8 77e8 

  0x00007f8a3c6214dc: ; ImmutableOopMap {rbp=Oop [8]=Oop [16]=Oop [24]=Oop [32]=Oop [40]=Oop [64]=Oop }
                      ;*ifle {reexecute=1 rethrow=0 return_oop=0}
                      ; - (reexecute) java.util.HashMap::getNode@14 (line 575)
                      ; - java.util.HashMap::get@2 (line 564)
                      ; - com.sun.jna.Function::invoke@54 (line 338)
  0x00007f8a3c6214dc: 204a 86ff 

  0x00007f8a3c6214e0: ;   {other}
  0x00007f8a3c6214e0: 0f1f 8400 | 5016 0015 | be45 ffff | ff48 8b6c | 2408 4c8b | 5c24 104c | 895c 2408 | 4c8b 5c24 
  0x00007f8a3c621500: 184c 895c | 2410 4c8b | 5c24 204c | 895c 2418 | 4c89 5424 | 204c 894c | 2430 894c | 2438 6690 
  0x00007f8a3c621520: ;   {runtime_call UncommonTrapBlob}
  0x00007f8a3c621520: c5f8 77e8 

  0x00007f8a3c621524: ; ImmutableOopMap {rbp=Oop [8]=Oop [16]=Oop [24]=Oop [32]=Oop [48]=Oop [64]=Oop }
                      ;*ifle {reexecute=1 rethrow=0 return_oop=0}
                      ; - (reexecute) java.util.HashMap::getNode@14 (line 575)
                      ; - java.util.HashMap::get@2 (line 564)
                      ; - com.sun.jna.Function::invoke@71 (line 339)
  0x00007f8a3c621524: d849 86ff 

  0x00007f8a3c621528: ;   {other}
  0x00007f8a3c621528: 0f1f 8400 | 9816 0016 | be45 ffff | ff48 8b6c | 2408 4889 | 5c24 0848 | 8b4c 2418 | 4889 4c24 
  0x00007f8a3c621548: 1048 8b4c | 2420 4889 | 4c24 184c | 8954 2420 | 4c89 4c24 | 3044 8944 | 2438 4489 | 5c24 3c90 
  0x00007f8a3c621568: ;   {runtime_call UncommonTrapBlob}
  0x00007f8a3c621568: c5f8 77e8 

  0x00007f8a3c62156c: ; ImmutableOopMap {rbp=Oop [8]=Oop [16]=Oop [24]=Oop [32]=Oop [48]=Oop [64]=Oop }
                      ;*ifeq {reexecute=1 rethrow=0 return_oop=0}
                      ; - (reexecute) java.lang.reflect.Executable::isVarArgs@8 (line 532)
                      ; - java.lang.reflect.Method::isVarArgs@1 (line 677)
                      ; - com.sun.jna.VarArgsChecker$RealVarArgsChecker::isVarArgs@1 (line 47)
                      ; - com.sun.jna.Function::isVarArgs@4 (line 802)
                      ; - com.sun.jna.Function::invoke@92 (line 340)
  0x00007f8a3c62156c: 9049 86ff 

  0x00007f8a3c621570: ;   {other}
  0x00007f8a3c621570: 0f1f 8400 | e016 0017 | be45 ffff | ff41 8bea 

  0x00007f8a3c621580: ;   {runtime_call UncommonTrapBlob}
  0x00007f8a3c621580: c5f8 77e8 

  0x00007f8a3c621584: ; ImmutableOopMap {}
                      ;*if_icmple {reexecute=1 rethrow=0 return_oop=0}
                      ; - (reexecute) com.sun.jna.Function::invoke@17 (line 331)
  0x00007f8a3c621584: 7849 86ff 

  0x00007f8a3c621588: ;   {other}
  0x00007f8a3c621588: 0f1f 8400 | f816 0018 | be45 ffff | ff48 8b6c | 2408 4c8b | 4424 104c | 8944 2408 | 4c8b 4424 
  0x00007f8a3c6215a8: 184c 8944 | 2410 4c8b | 4424 204c | 8944 2418 | 4c89 5424 | 204c 896c | 2428 4c8b | 5424 404c 
  0x00007f8a3c6215c8: 8954 2430 | 4489 5c24 | 3844 894c | 243c 895c | 2444 6690 

  0x00007f8a3c6215dc: ;   {runtime_call UncommonTrapBlob}
  0x00007f8a3c6215dc: c5f8 77e8 

  0x00007f8a3c6215e0: ; ImmutableOopMap {rbp=Oop [8]=Oop [16]=Oop [24]=Oop [32]=Oop [40]=Oop [48]=Oop [56]=NarrowOop }
                      ;*ifne {reexecute=1 rethrow=0 return_oop=0}
                      ; - (reexecute) java.lang.String::hashCode@42 (line 2371)
                      ; - java.util.HashMap::hash@9 (line 338)
                      ; - java.util.HashMap::getNode@23 (line 576)
                      ; - java.util.HashMap::get@2 (line 564)
                      ; - com.sun.jna.Function::invoke@54 (line 338)
  0x00007f8a3c6215e0: 1c49 86ff 

  0x00007f8a3c6215e4: ;   {other}
  0x00007f8a3c6215e4: 0f1f 8400 | 5417 0019 | be45 ffff | ff48 8b6c | 2408 4c8b | 4424 104c | 8944 2408 | 4c8b 4424 
  0x00007f8a3c621604: 184c 8944 | 2410 4c8b | 4424 204c | 8944 2418 | 4c89 5424 | 204c 8b54 | 2440 4c89 | 5424 284c 
  0x00007f8a3c621624: 894c 2430 | 4489 5c24 | 3889 4c24 | 3c89 5c24 | 4466 6690 

  0x00007f8a3c621638: ;   {runtime_call UncommonTrapBlob}
  0x00007f8a3c621638: c5f8 77e8 

  0x00007f8a3c62163c: ; ImmutableOopMap {rbp=Oop [8]=Oop [16]=Oop [24]=Oop [32]=Oop [40]=Oop [48]=Oop [56]=NarrowOop }
                      ;*ifne {reexecute=1 rethrow=0 return_oop=0}
                      ; - (reexecute) java.lang.String::hashCode@42 (line 2371)
                      ; - java.util.HashMap::hash@9 (line 338)
                      ; - java.util.HashMap::getNode@23 (line 576)
                      ; - java.util.HashMap::get@2 (line 564)
                      ; - com.sun.jna.Function::invoke@71 (line 339)
  0x00007f8a3c62163c: c048 86ff 

  0x00007f8a3c621640: ;   {other}
  0x00007f8a3c621640: 0f1f 8400 | b017 001a | be45 ffff | ff48 8b6c | 2408 4c8b | 5c24 104c | 895c 2408 | 4c8b 5c24 
  0x00007f8a3c621660: 184c 895c | 2410 4c8b | 5c24 204c | 895c 2418 | 4c89 5424 | 204c 896c | 2428 4489 | 4c24 3889 
  0x00007f8a3c621680: 4c24 3c90 

  0x00007f8a3c621684: ;   {runtime_call UncommonTrapBlob}
  0x00007f8a3c621684: c5f8 77e8 

  0x00007f8a3c621688: ; ImmutableOopMap {rbp=Oop [8]=Oop [16]=Oop [24]=Oop [32]=Oop [40]=Oop [56]=NarrowOop [64]=Oop }
                      ;*ifeq {reexecute=1 rethrow=0 return_oop=0}
                      ; - (reexecute) java.util.HashMap::getNode@85 (line 581)
                      ; - java.util.HashMap::get@2 (line 564)
                      ; - com.sun.jna.Function::invoke@54 (line 338)
  0x00007f8a3c621688: 7448 86ff 

  0x00007f8a3c62168c: ;   {other}
  0x00007f8a3c62168c: 0f1f 8400 | fc17 001b | be45 ffff | ff48 8b6c | 2408 488b | 4c24 1048 | 894c 2408 | 488b 4c24 
  0x00007f8a3c6216ac: 1848 894c | 2410 488b | 4c24 2048 | 894c 2418 | 4c89 5424 | 204c 894c | 2430 4489 | 5c24 3844 
  0x00007f8a3c6216cc: 8944 243c 

  0x00007f8a3c6216d0: ;   {runtime_call UncommonTrapBlob}
  0x00007f8a3c6216d0: c5f8 77e8 

  0x00007f8a3c6216d4: ; ImmutableOopMap {rbp=Oop [8]=Oop [16]=Oop [24]=Oop [32]=Oop [48]=Oop [56]=NarrowOop [64]=Oop }
                      ;*ifeq {reexecute=1 rethrow=0 return_oop=0}
                      ; - (reexecute) java.util.HashMap::getNode@85 (line 581)
                      ; - java.util.HashMap::get@2 (line 564)
                      ; - com.sun.jna.Function::invoke@71 (line 339)
  0x00007f8a3c6216d4: 2848 86ff 

  0x00007f8a3c6216d8: ;   {other}
  0x00007f8a3c6216d8: 0f1f 8400 | 4818 001c | be45 ffff | ff48 8b6c | 2408 4c8b | 5424 104c | 8954 2408 | 4c8b 5424 
  0x00007f8a3c6216f8: 184c 8954 | 2410 4c8b | 5424 204c | 8954 2418 | 4c8b 5424 | 284c 8954 | 2420 4c8b | 5424 304c 
  0x00007f8a3c621718: 8954 2428 | 4c8b 5424 | 404c 8954 | 2430 8944 | 2440 6690 

  0x00007f8a3c62172c: ;   {runtime_call UncommonTrapBlob}
  0x00007f8a3c62172c: c5f8 77e8 

  0x00007f8a3c621730: ; ImmutableOopMap {rbp=Oop [8]=Oop [16]=Oop [24]=Oop [32]=Oop [40]=Oop [48]=Oop [56]=NarrowOop }
                      ;*ifeq {reexecute=1 rethrow=0 return_oop=0}
                      ; - (reexecute) java.util.HashMap::getNode@66 (line 578)
                      ; - java.util.HashMap::get@2 (line 564)
                      ; - com.sun.jna.Function::invoke@54 (line 338)
  0x00007f8a3c621730: cc47 86ff 

  0x00007f8a3c621734: ;   {other}
  0x00007f8a3c621734: 0f1f 8400 | a418 001d | be45 ffff | ff48 8b6c | 2408 4c8b | 5424 104c | 8954 2408 | 4c8b 5424 
  0x00007f8a3c621754: 184c 8954 | 2410 4c8b | 5424 204c | 8954 2418 | 4c8b 5424 | 284c 8954 | 2420 4c8b | 5424 404c 
  0x00007f8a3c621774: 8954 2428 | 8944 2440 

  0x00007f8a3c62177c: ;   {runtime_call UncommonTrapBlob}
  0x00007f8a3c62177c: c5f8 77e8 

  0x00007f8a3c621780: ; ImmutableOopMap {rbp=Oop [8]=Oop [16]=Oop [24]=Oop [32]=Oop [40]=Oop [48]=Oop [56]=NarrowOop }
                      ;*ifeq {reexecute=1 rethrow=0 return_oop=0}
                      ; - (reexecute) java.util.HashMap::getNode@66 (line 578)
                      ; - java.util.HashMap::get@2 (line 564)
                      ; - com.sun.jna.Function::invoke@71 (line 339)
  0x00007f8a3c621780: 7c47 86ff 

  0x00007f8a3c621784: ;   {other}
  0x00007f8a3c621784: 0f1f 8400 | f418 001e | 498b f7c5 | f877 49ba | 2095 a953 | 8a7f 0000 

  0x00007f8a3c62179c: ;   {other}
  0x00007f8a3c62179c: 41ff d20f | 1f84 0000 | 0000 00e9 | e9f9 ffff | bede ffff | ff48 8b6c | 2408 4c8b | 5c24 104c 
  0x00007f8a3c6217bc: 895c 2408 | 4c8b 5c24 | 184c 895c | 2410 4c8b | 5c24 204c | 895c 2418 | 4c89 5424 | 204c 894c 
  0x00007f8a3c6217dc: 2430 4489 | 4424 3c90 

  0x00007f8a3c6217e4: ;   {runtime_call UncommonTrapBlob}
  0x00007f8a3c6217e4: c5f8 77e8 

  0x00007f8a3c6217e8: ; ImmutableOopMap {rbp=Oop [8]=Oop [16]=Oop [24]=Oop [32]=Oop [48]=Oop [60]=NarrowOop [64]=Oop }
                      ;*instanceof {reexecute=0 rethrow=0 return_oop=0}
                      ; - java.lang.Boolean::equals@1 (line 258)
                      ; - com.sun.jna.Function::invoke@76 (line 339)
  0x00007f8a3c6217e8: 1447 86ff 

  0x00007f8a3c6217ec: ;   {other}
  0x00007f8a3c6217ec: 0f1f 8400 | 5c19 001f | bef6 ffff | ff66 6690 

  0x00007f8a3c6217fc: ;   {runtime_call UncommonTrapBlob}
  0x00007f8a3c6217fc: c5f8 77e8 

  0x00007f8a3c621800: ; ImmutableOopMap {}
                      ;*invokeinterface get {reexecute=0 rethrow=0 return_oop=0}
                      ; - com.sun.jna.Function::invoke@54 (line 338)
  0x00007f8a3c621800: fc46 86ff 

  0x00007f8a3c621804: ;   {other}
  0x00007f8a3c621804: 0f1f 8400 | 7419 0020 | 4533 c0eb | 0d45 8bc2 | c4e1 f97e | c348 8b7c | 2428 bef4 | ffff ff48 
  0x00007f8a3c621824: 8beb 4889 | 7c24 08c5 | fb11 4c24 | 1044 8944 | 2418 4c89 | 4c24 2090 

  0x00007f8a3c62183c: ;   {runtime_call UncommonTrapBlob}
  0x00007f8a3c62183c: c5f8 77e8 

  0x00007f8a3c621840: ; ImmutableOopMap {rbp=Oop [8]=Oop [16]=Oop [32]=Oop }
                      ;*instanceof {reexecute=0 rethrow=0 return_oop=0}
                      ; - com.sun.jna.Function::invoke@391 (line 386)
  0x00007f8a3c621840: bc46 86ff 

  0x00007f8a3c621844: ;   {other}
  0x00007f8a3c621844: 0f1f 8400 | b419 0021 | be45 ffff | ff48 8b6c | 2408 4c8b | 5c24 184c | 895c 2410 | 4c8b 5c24 
  0x00007f8a3c621864: 204c 895c | 2418 4c89 | 5424 2048 | ff74 2440 | 488f 4424 | 284c 894c | 2430 4489 | 4424 3848 
  0x00007f8a3c621884: 895c 2440 

  0x00007f8a3c621888: ;   {runtime_call UncommonTrapBlob}
  0x00007f8a3c621888: c5f8 77e8 

  0x00007f8a3c62188c: ; ImmutableOopMap {rbp=Oop [16]=Oop [24]=Oop [32]=Oop [40]=Oop [48]=Oop [64]=Oop }
                      ;*ifnull {reexecute=1 rethrow=0 return_oop=0}
                      ; - (reexecute) com.sun.jna.Function::invoke@88 (line 340)
  0x00007f8a3c62188c: 7046 86ff 

  0x00007f8a3c621890: ;   {other}
  0x00007f8a3c621890: 0f1f 8400 | 001a 0022 | eb0c eb0a | eb08 eb06 | eb04 eb02 | eb00 4c8b | d0e9 f5f8 

  0x00007f8a3c6218ac: ;   {internal_word}
  0x00007f8a3c6218ac: ffff 49ba | 520f 623c | 8a7f 0000 | 4d89 9760 

  0x00007f8a3c6218bc: ;   {runtime_call SafepointBlob}
  0x00007f8a3c6218bc: 0400 00e9 | 3c57 86ff 

  0x00007f8a3c6218c4: ;   {runtime_call StubRoutines (final stubs)}
  0x00007f8a3c6218c4: e8d7 4b84 | ffe9 0ce9 | ffff f4f4 
[Stub Code]
  0x00007f8a3c6218d0: ;   {no_reloc}
  0x00007f8a3c6218d0: 48bb 0000 | 0000 0000 

  0x00007f8a3c6218d8: ;   {runtime_call nmethod}
  0x00007f8a3c6218d8: 0000 e9fb 

  0x00007f8a3c6218dc: ;   {static_stub}
  0x00007f8a3c6218dc: ffff ff48 | bb00 0000 | 0000 0000 

  0x00007f8a3c6218e8: ;   {runtime_call nmethod}
  0x00007f8a3c6218e8: 00e9 fbff 

  0x00007f8a3c6218ec: ;   {static_stub}
  0x00007f8a3c6218ec: ffff 48bb | 3852 47bf | 897f 0000 

  0x00007f8a3c6218f8: ;   {runtime_call I2C/C2I adapters}
  0x00007f8a3c6218f8: e985 93b0 

  0x00007f8a3c6218fc: ;   {runtime_call ExceptionBlob}
  0x00007f8a3c6218fc: ffe9 fe94 | 92ff e800 | 0000 0048 | 832c 2405 

  0x00007f8a3c62190c: ;   {runtime_call DeoptimizationBlob}
  0x00007f8a3c62190c: e98f 4986 | fff4 f4f4 | f4f4 f4f4 
[/MachCode]


---------------  P R O C E S S  ---------------

Threads class SMR info:
_java_thread_list=0x00007f895402bbb0, length=27, elements={
0x00007f8a4c018e70, 0x00007f8a4c14de90, 0x00007f8a4c14f3f0, 0x00007f8a4c150b80,
0x00007f8a4c1521b0, 0x00007f8a4c153740, 0x00007f8a4c1552f0, 0x00007f8a4c1569a0,
0x00007f8a4c1626b0, 0x00007f8a4c165910, 0x00007f8a4c200470, 0x00007f8a4c735f40,
0x00007f8a4c7375c0, 0x00007f8a4c7a3de0, 0x00007f8a4c7a5b50, 0x00007f8a4c7a6fa0,
0x00007f89640260a0, 0x00007f8974040950, 0x00007f897403f840, 0x00007f8974004b00,
0x00007f8968040f20, 0x00007f8a4c7bcb90, 0x00007f8a4c9a7490, 0x00007f8a4c746cd0,
0x00007f8a4d0e3400, 0x00007f896c0050f0, 0x00007f894c0035f0
}

Java Threads: ( => current thread )
  0x00007f8a4c018e70 JavaThread "main"                              [_thread_in_native, id=96, stack(0x00007f8a52eb2000,0x00007f8a52fb2000) (1024K)]
  0x00007f8a4c14de90 JavaThread "Reference Handler"          daemon [_thread_blocked, id=104, stack(0x00007f8a20d89000,0x00007f8a20e89000) (1024K)]
  0x00007f8a4c14f3f0 JavaThread "Finalizer"                  daemon [_thread_blocked, id=105, stack(0x00007f8a20c88000,0x00007f8a20d88000) (1024K)]
  0x00007f8a4c150b80 JavaThread "Signal Dispatcher"          daemon [_thread_blocked, id=106, stack(0x00007f8a20b87000,0x00007f8a20c87000) (1024K)]
  0x00007f8a4c1521b0 JavaThread "Service Thread"             daemon [_thread_blocked, id=107, stack(0x00007f8a20a86000,0x00007f8a20b86000) (1024K)]
  0x00007f8a4c153740 JavaThread "Monitor Deflation Thread"   daemon [_thread_blocked, id=108, stack(0x00007f8a20985000,0x00007f8a20a85000) (1024K)]
  0x00007f8a4c1552f0 JavaThread "C2 CompilerThread0"         daemon [_thread_blocked, id=109, stack(0x00007f8a20884000,0x00007f8a20984000) (1024K)]
  0x00007f8a4c1569a0 JavaThread "C1 CompilerThread0"         daemon [_thread_blocked, id=110, stack(0x00007f8a20783000,0x00007f8a20883000) (1024K)]
  0x00007f8a4c1626b0 JavaThread "Notification Thread"        daemon [_thread_blocked, id=111, stack(0x00007f8a205b1000,0x00007f8a206b1000) (1024K)]
  0x00007f8a4c165910 JavaThread "Common-Cleaner"             daemon [_thread_blocked, id=112, stack(0x00007f8a204b0000,0x00007f8a205b0000) (1024K)]
  0x00007f8a4c200470 JavaThread "JNA Cleaner"                daemon [_thread_blocked, id=119, stack(0x00007f8a11b00000,0x00007f8a11c00000) (1024K)]
  0x00007f8a4c735f40 JavaThread "Java2D Disposer"            daemon [_thread_blocked, id=149, stack(0x00007f897e995000,0x00007f897ea95000) (1024K)]
  0x00007f8a4c7375c0 JavaThread "AWT-XAWT"                   daemon [_thread_in_native, id=150, stack(0x00007f897e894000,0x00007f897e994000) (1024K)]
  0x00007f8a4c7a3de0 JavaThread "FileSystemWatchService"     daemon [_thread_in_native, id=151, stack(0x00007f897e793000,0x00007f897e893000) (1024K)]
  0x00007f8a4c7a5b50 JavaThread "FolderMonitor-Scheduler"    daemon [_thread_blocked, id=152, stack(0x00007f897e692000,0x00007f897e792000) (1024K)]
  0x00007f8a4c7a6fa0 JavaThread "FolderMonitor-Worker"       daemon [_thread_blocked, id=153, stack(0x00007f897e591000,0x00007f897e691000) (1024K)]
  0x00007f89640260a0 JavaThread "WebSocketConnectReadThread-51"        [_thread_in_native, id=159, stack(0x00007f89bc364000,0x00007f89bc464000) (1024K)]
  0x00007f8974040950 JavaThread "WebSocketWriteThread-52"           [_thread_blocked, id=160, stack(0x00007f897e490000,0x00007f897e590000) (1024K)]
  0x00007f897403f840 JavaThread "connectionLostChecker-1"           [_thread_blocked, id=161, stack(0x00007f897e38f000,0x00007f897e48f000) (1024K)]
  0x00007f8974004b00 JavaThread "ws-health-check"            daemon [_thread_blocked, id=162, stack(0x00007f897e28e000,0x00007f897e38e000) (1024K)]
  0x00007f8968040f20 JavaThread "odm-scheduled-1"                   [_thread_blocked, id=210, stack(0x00007f897cf7b000,0x00007f897d07b000) (1024K)]
  0x00007f8a4c7bcb90 JavaThread "DownloadUI-Statistics"      daemon [_thread_blocked, id=211, stack(0x00007f897ce7a000,0x00007f897cf7a000) (1024K)]
  0x00007f8a4c9a7490 JavaThread "MainWindow-UpdateService"   daemon [_thread_blocked, id=215, stack(0x00007f897cd79000,0x00007f897ce79000) (1024K)]
  0x00007f8a4c746cd0 JavaThread "process reaper"             daemon [_thread_blocked, id=250, stack(0x00007f8a5004e000,0x00007f8a50070000) (136K)]
  0x00007f8a4d0e3400 JavaThread "odm-general-8"                     [_thread_blocked, id=263, stack(0x00007f897edfd000,0x00007f897eefd000) (1024K)]
  0x00007f896c0050f0 JavaThread "odm-general-9"                     [_thread_blocked, id=264, stack(0x00007f897ecfc000,0x00007f897edfc000) (1024K)]
=>0x00007f894c0035f0 JavaThread "pool-1-thread-1"                   [_thread_in_native, id=265, stack(0x00007f897ebfb000,0x00007f897ecfb000) (1024K)]
Total: 27

Other Threads:
  0x00007f8a4c1457c0 VMThread "VM Thread"                           [id=103, stack(0x00007f8a20e8a000,0x00007f8a20f8a000) (1024K)]
  0x00007f8a4c133320 WatcherThread "VM Periodic Task Thread"        [id=102, stack(0x00007f8a20f8b000,0x00007f8a2108b000) (1024K)]
  0x00007f8a4c046730 WorkerThread "GC Thread#0"                     [id=97, stack(0x00007f8a517d5000,0x00007f8a518d5000) (1024K)]
  0x00007f89b800a5f0 WorkerThread "GC Thread#1"                     [id=169, stack(0x00007f897e18d000,0x00007f897e28d000) (1024K)]
  0x00007f89b800b0a0 WorkerThread "GC Thread#2"                     [id=170, stack(0x00007f897e08c000,0x00007f897e18c000) (1024K)]
  0x00007f89b800bbd0 WorkerThread "GC Thread#3"                     [id=171, stack(0x00007f897df8b000,0x00007f897e08b000) (1024K)]
  0x00007f89b800c700 WorkerThread "GC Thread#4"                     [id=172, stack(0x00007f897de8a000,0x00007f897df8a000) (1024K)]
  0x00007f89b800d230 WorkerThread "GC Thread#5"                     [id=173, stack(0x00007f897dd89000,0x00007f897de89000) (1024K)]
  0x00007f89b800dd90 WorkerThread "GC Thread#6"                     [id=174, stack(0x00007f897dc88000,0x00007f897dd88000) (1024K)]
  0x00007f89b800e8f0 WorkerThread "GC Thread#7"                     [id=175, stack(0x00007f897db87000,0x00007f897dc87000) (1024K)]
  0x00007f89b800f450 WorkerThread "GC Thread#8"                     [id=176, stack(0x00007f897da86000,0x00007f897db86000) (1024K)]
  0x00007f89b800ffb0 WorkerThread "GC Thread#9"                     [id=177, stack(0x00007f897d985000,0x00007f897da85000) (1024K)]
  0x00007f89b8010b10 WorkerThread "GC Thread#10"                    [id=178, stack(0x00007f897d884000,0x00007f897d984000) (1024K)]
  0x00007f89b8011670 WorkerThread "GC Thread#11"                    [id=179, stack(0x00007f897d783000,0x00007f897d883000) (1024K)]
  0x00007f89b80121d0 WorkerThread "GC Thread#12"                    [id=180, stack(0x00007f897d682000,0x00007f897d782000) (1024K)]
  0x00007f89b8013120 WorkerThread "GC Thread#13"                    [id=181, stack(0x00007f897d581000,0x00007f897d681000) (1024K)]
  0x00007f89b8014070 WorkerThread "GC Thread#14"                    [id=182, stack(0x00007f897d480000,0x00007f897d580000) (1024K)]
  0x00007f89b8014fc0 WorkerThread "GC Thread#15"                    [id=183, stack(0x00007f897d37f000,0x00007f897d47f000) (1024K)]
  0x00007f89b8015f10 WorkerThread "GC Thread#16"                    [id=184, stack(0x00007f897d27e000,0x00007f897d37e000) (1024K)]
  0x00007f89b8016e60 WorkerThread "GC Thread#17"                    [id=185, stack(0x00007f897d17d000,0x00007f897d27d000) (1024K)]
  0x00007f8a4c057820 ConcurrentGCThread "G1 Main Marker"            [id=98, stack(0x00007f8a516d4000,0x00007f8a517d4000) (1024K)]
  0x00007f8a4c0587f0 WorkerThread "G1 Conc#0"                       [id=99, stack(0x00007f8a515d3000,0x00007f8a516d3000) (1024K)]
  0x00007f8a4c1186a0 ConcurrentGCThread "G1 Refine#0"               [id=100, stack(0x00007f8a502c0000,0x00007f8a503c0000) (1024K)]
  0x00007f8a4c119650 ConcurrentGCThread "G1 Service"                [id=101, stack(0x00007f8a501bf000,0x00007f8a502bf000) (1024K)]
Total: 24

Threads with active compile tasks:
Total: 0

VM state: not at safepoint (normal execution)

VM Mutex/Monitor currently owned by a thread: None

Heap address: 0x0000000415800000, size: 16040 MB, Compressed Oops mode: Zero based, Oop shift amount: 3

CDS archive(s) mapped at: [0x00007f89c3000000-0x00007f89c3ca0000-0x00007f89c3ca0000), size 13238272, SharedBaseAddress: 0x00007f89c3000000, ArchiveRelocationMode: 1.
Compressed class space mapped at: 0x00007f89c4000000-0x00007f8a04000000, reserved size: 1073741824
Narrow klass base: 0x00007f89c3000000, Narrow klass shift: 0, Narrow klass range: 0x100000000

GC Precious Log:
 CardTable entry size: 512
 Card Set container configuration: InlinePtr #cards 4 size 8 Array Of Cards #cards 64 size 144 Howl #buckets 8 coarsen threshold 14745 Howl Bitmap #cards 2048 size 272 coarsen threshold 1843 Card regions per heap region 1 cards per card region 16384
 CPUs: 24 total, 24 available
 Memory: 64140M
 Large Page Support: Disabled
 NUMA Support: Disabled
 Compressed Oops: Enabled (Zero based)
 Heap Region Size: 8M
 Heap Min Capacity: 8M
 Heap Initial Capacity: 1008M
 Heap Max Capacity: 16040M
 Pre-touch: Disabled
 Parallel Workers: 18
 Concurrent Workers: 5
 Concurrent Refinement Workers: 18
 Periodic GC: Disabled

Heap:
 garbage-first heap   total 1040384K, used 12630K [0x0000000415800000, 0x0000000800000000)
  region size 8192K, 4 young (32768K), 1 survivors (8192K)
 Metaspace       used 15180K, committed 15616K, reserved 1114112K
  class space    used 1590K, committed 1792K, reserved 1048576K

Heap Regions: E=young(eden), S=young(survivor), O=old, HS=humongous(starts), HC=humongous(continues), CS=collection set, F=free, TAMS=top-at-mark-start, PB=parsable bottom
|   0|0x0000000415800000, 0x0000000415800000, 0x0000000416000000|  0%| F|  |TAMS 0x0000000415800000| PB 0x0000000415800000| Untracked 
|   1|0x0000000416000000, 0x0000000416000000, 0x0000000416800000|  0%| F|  |TAMS 0x0000000416000000| PB 0x0000000416000000| Untracked 
|   2|0x0000000416800000, 0x0000000416800000, 0x0000000417000000|  0%| F|  |TAMS 0x0000000416800000| PB 0x0000000416800000| Untracked 
|   3|0x0000000417000000, 0x0000000417000000, 0x0000000417800000|  0%| F|  |TAMS 0x0000000417000000| PB 0x0000000417000000| Untracked 
|   4|0x0000000417800000, 0x0000000417800000, 0x0000000418000000|  0%| F|  |TAMS 0x0000000417800000| PB 0x0000000417800000| Untracked 
|   5|0x0000000418000000, 0x0000000418000000, 0x0000000418800000|  0%| F|  |TAMS 0x0000000418000000| PB 0x0000000418000000| Untracked 
|   6|0x0000000418800000, 0x0000000418800000, 0x0000000419000000|  0%| F|  |TAMS 0x0000000418800000| PB 0x0000000418800000| Untracked 
|   7|0x0000000419000000, 0x0000000419000000, 0x0000000419800000|  0%| F|  |TAMS 0x0000000419000000| PB 0x0000000419000000| Untracked 
|   8|0x0000000419800000, 0x0000000419800000, 0x000000041a000000|  0%| F|  |TAMS 0x0000000419800000| PB 0x0000000419800000| Untracked 
|   9|0x000000041a000000, 0x000000041a000000, 0x000000041a800000|  0%| F|  |TAMS 0x000000041a000000| PB 0x000000041a000000| Untracked 
|  10|0x000000041a800000, 0x000000041a800000, 0x000000041b000000|  0%| F|  |TAMS 0x000000041a800000| PB 0x000000041a800000| Untracked 
|  11|0x000000041b000000, 0x000000041b000000, 0x000000041b800000|  0%| F|  |TAMS 0x000000041b000000| PB 0x000000041b000000| Untracked 
|  12|0x000000041b800000, 0x000000041b800000, 0x000000041c000000|  0%| F|  |TAMS 0x000000041b800000| PB 0x000000041b800000| Untracked 
|  13|0x000000041c000000, 0x000000041c000000, 0x000000041c800000|  0%| F|  |TAMS 0x000000041c000000| PB 0x000000041c000000| Untracked 
|  14|0x000000041c800000, 0x000000041c800000, 0x000000041d000000|  0%| F|  |TAMS 0x000000041c800000| PB 0x000000041c800000| Untracked 
|  15|0x000000041d000000, 0x000000041d000000, 0x000000041d800000|  0%| F|  |TAMS 0x000000041d000000| PB 0x000000041d000000| Untracked 
|  16|0x000000041d800000, 0x000000041d800000, 0x000000041e000000|  0%| F|  |TAMS 0x000000041d800000| PB 0x000000041d800000| Untracked 
|  17|0x000000041e000000, 0x000000041e000000, 0x000000041e800000|  0%| F|  |TAMS 0x000000041e000000| PB 0x000000041e000000| Untracked 
|  18|0x000000041e800000, 0x000000041e800000, 0x000000041f000000|  0%| F|  |TAMS 0x000000041e800000| PB 0x000000041e800000| Untracked 
|  19|0x000000041f000000, 0x000000041f000000, 0x000000041f800000|  0%| F|  |TAMS 0x000000041f000000| PB 0x000000041f000000| Untracked 
|  20|0x000000041f800000, 0x000000041f800000, 0x0000000420000000|  0%| F|  |TAMS 0x000000041f800000| PB 0x000000041f800000| Untracked 
|  21|0x0000000420000000, 0x0000000420000000, 0x0000000420800000|  0%| F|  |TAMS 0x0000000420000000| PB 0x0000000420000000| Untracked 
|  22|0x0000000420800000, 0x0000000420800000, 0x0000000421000000|  0%| F|  |TAMS 0x0000000420800000| PB 0x0000000420800000| Untracked 
|  23|0x0000000421000000, 0x0000000421000000, 0x0000000421800000|  0%| F|  |TAMS 0x0000000421000000| PB 0x0000000421000000| Untracked 
|  24|0x0000000421800000, 0x0000000421800000, 0x0000000422000000|  0%| F|  |TAMS 0x0000000421800000| PB 0x0000000421800000| Untracked 
|  25|0x0000000422000000, 0x0000000422000000, 0x0000000422800000|  0%| F|  |TAMS 0x0000000422000000| PB 0x0000000422000000| Untracked 
|  26|0x0000000422800000, 0x0000000422800000, 0x0000000423000000|  0%| F|  |TAMS 0x0000000422800000| PB 0x0000000422800000| Untracked 
|  27|0x0000000423000000, 0x0000000423000000, 0x0000000423800000|  0%| F|  |TAMS 0x0000000423000000| PB 0x0000000423000000| Untracked 
|  28|0x0000000423800000, 0x0000000423800000, 0x0000000424000000|  0%| F|  |TAMS 0x0000000423800000| PB 0x0000000423800000| Untracked 
|  29|0x0000000424000000, 0x0000000424000000, 0x0000000424800000|  0%| F|  |TAMS 0x0000000424000000| PB 0x0000000424000000| Untracked 
|  30|0x0000000424800000, 0x0000000424800000, 0x0000000425000000|  0%| F|  |TAMS 0x0000000424800000| PB 0x0000000424800000| Untracked 
|  31|0x0000000425000000, 0x0000000425000000, 0x0000000425800000|  0%| F|  |TAMS 0x0000000425000000| PB 0x0000000425000000| Untracked 
|  32|0x0000000425800000, 0x0000000425800000, 0x0000000426000000|  0%| F|  |TAMS 0x0000000425800000| PB 0x0000000425800000| Untracked 
|  33|0x0000000426000000, 0x0000000426000000, 0x0000000426800000|  0%| F|  |TAMS 0x0000000426000000| PB 0x0000000426000000| Untracked 
|  34|0x0000000426800000, 0x0000000426800000, 0x0000000427000000|  0%| F|  |TAMS 0x0000000426800000| PB 0x0000000426800000| Untracked 
|  35|0x0000000427000000, 0x0000000427000000, 0x0000000427800000|  0%| F|  |TAMS 0x0000000427000000| PB 0x0000000427000000| Untracked 
|  36|0x0000000427800000, 0x0000000427800000, 0x0000000428000000|  0%| F|  |TAMS 0x0000000427800000| PB 0x0000000427800000| Untracked 
|  37|0x0000000428000000, 0x0000000428000000, 0x0000000428800000|  0%| F|  |TAMS 0x0000000428000000| PB 0x0000000428000000| Untracked 
|  38|0x0000000428800000, 0x0000000428800000, 0x0000000429000000|  0%| F|  |TAMS 0x0000000428800000| PB 0x0000000428800000| Untracked 
|  39|0x0000000429000000, 0x0000000429000000, 0x0000000429800000|  0%| F|  |TAMS 0x0000000429000000| PB 0x0000000429000000| Untracked 
|  40|0x0000000429800000, 0x0000000429800000, 0x000000042a000000|  0%| F|  |TAMS 0x0000000429800000| PB 0x0000000429800000| Untracked 
|  41|0x000000042a000000, 0x000000042a000000, 0x000000042a800000|  0%| F|  |TAMS 0x000000042a000000| PB 0x000000042a000000| Untracked 
|  42|0x000000042a800000, 0x000000042a800000, 0x000000042b000000|  0%| F|  |TAMS 0x000000042a800000| PB 0x000000042a800000| Untracked 
|  43|0x000000042b000000, 0x000000042b000000, 0x000000042b800000|  0%| F|  |TAMS 0x000000042b000000| PB 0x000000042b000000| Untracked 
|  44|0x000000042b800000, 0x000000042b800000, 0x000000042c000000|  0%| F|  |TAMS 0x000000042b800000| PB 0x000000042b800000| Untracked 
|  45|0x000000042c000000, 0x000000042c000000, 0x000000042c800000|  0%| F|  |TAMS 0x000000042c000000| PB 0x000000042c000000| Untracked 
|  46|0x000000042c800000, 0x000000042c800000, 0x000000042d000000|  0%| F|  |TAMS 0x000000042c800000| PB 0x000000042c800000| Untracked 
|  47|0x000000042d000000, 0x000000042d000000, 0x000000042d800000|  0%| F|  |TAMS 0x000000042d000000| PB 0x000000042d000000| Untracked 
|  48|0x000000042d800000, 0x000000042d800000, 0x000000042e000000|  0%| F|  |TAMS 0x000000042d800000| PB 0x000000042d800000| Untracked 
|  49|0x000000042e000000, 0x000000042e000000, 0x000000042e800000|  0%| F|  |TAMS 0x000000042e000000| PB 0x000000042e000000| Untracked 
|  50|0x000000042e800000, 0x000000042e800000, 0x000000042f000000|  0%| F|  |TAMS 0x000000042e800000| PB 0x000000042e800000| Untracked 
|  51|0x000000042f000000, 0x000000042f000000, 0x000000042f800000|  0%| F|  |TAMS 0x000000042f000000| PB 0x000000042f000000| Untracked 
|  52|0x000000042f800000, 0x000000042f800000, 0x0000000430000000|  0%| F|  |TAMS 0x000000042f800000| PB 0x000000042f800000| Untracked 
|  53|0x0000000430000000, 0x0000000430000000, 0x0000000430800000|  0%| F|  |TAMS 0x0000000430000000| PB 0x0000000430000000| Untracked 
|  54|0x0000000430800000, 0x0000000430800000, 0x0000000431000000|  0%| F|  |TAMS 0x0000000430800000| PB 0x0000000430800000| Untracked 
|  55|0x0000000431000000, 0x0000000431000000, 0x0000000431800000|  0%| F|  |TAMS 0x0000000431000000| PB 0x0000000431000000| Untracked 
|  56|0x0000000431800000, 0x0000000431800000, 0x0000000432000000|  0%| F|  |TAMS 0x0000000431800000| PB 0x0000000431800000| Untracked 
|  57|0x0000000432000000, 0x0000000432000000, 0x0000000432800000|  0%| F|  |TAMS 0x0000000432000000| PB 0x0000000432000000| Untracked 
|  58|0x0000000432800000, 0x0000000432800000, 0x0000000433000000|  0%| F|  |TAMS 0x0000000432800000| PB 0x0000000432800000| Untracked 
|  59|0x0000000433000000, 0x0000000433000000, 0x0000000433800000|  0%| F|  |TAMS 0x0000000433000000| PB 0x0000000433000000| Untracked 
|  60|0x0000000433800000, 0x0000000433800000, 0x0000000434000000|  0%| F|  |TAMS 0x0000000433800000| PB 0x0000000433800000| Untracked 
|  61|0x0000000434000000, 0x0000000434000000, 0x0000000434800000|  0%| F|  |TAMS 0x0000000434000000| PB 0x0000000434000000| Untracked 
|  62|0x0000000434800000, 0x0000000434800000, 0x0000000435000000|  0%| F|  |TAMS 0x0000000434800000| PB 0x0000000434800000| Untracked 
|  63|0x0000000435000000, 0x0000000435000000, 0x0000000435800000|  0%| F|  |TAMS 0x0000000435000000| PB 0x0000000435000000| Untracked 
|  64|0x0000000435800000, 0x0000000435800000, 0x0000000436000000|  0%| F|  |TAMS 0x0000000435800000| PB 0x0000000435800000| Untracked 
|  65|0x0000000436000000, 0x0000000436000000, 0x0000000436800000|  0%| F|  |TAMS 0x0000000436000000| PB 0x0000000436000000| Untracked 
|  66|0x0000000436800000, 0x0000000436800000, 0x0000000437000000|  0%| F|  |TAMS 0x0000000436800000| PB 0x0000000436800000| Untracked 
|  67|0x0000000437000000, 0x0000000437000000, 0x0000000437800000|  0%| F|  |TAMS 0x0000000437000000| PB 0x0000000437000000| Untracked 
|  68|0x0000000437800000, 0x0000000437800000, 0x0000000438000000|  0%| F|  |TAMS 0x0000000437800000| PB 0x0000000437800000| Untracked 
|  69|0x0000000438000000, 0x0000000438000000, 0x0000000438800000|  0%| F|  |TAMS 0x0000000438000000| PB 0x0000000438000000| Untracked 
|  70|0x0000000438800000, 0x0000000438800000, 0x0000000439000000|  0%| F|  |TAMS 0x0000000438800000| PB 0x0000000438800000| Untracked 
|  71|0x0000000439000000, 0x0000000439000000, 0x0000000439800000|  0%| F|  |TAMS 0x0000000439000000| PB 0x0000000439000000| Untracked 
|  72|0x0000000439800000, 0x0000000439800000, 0x000000043a000000|  0%| F|  |TAMS 0x0000000439800000| PB 0x0000000439800000| Untracked 
|  73|0x000000043a000000, 0x000000043a000000, 0x000000043a800000|  0%| F|  |TAMS 0x000000043a000000| PB 0x000000043a000000| Untracked 
|  74|0x000000043a800000, 0x000000043a800000, 0x000000043b000000|  0%| F|  |TAMS 0x000000043a800000| PB 0x000000043a800000| Untracked 
|  75|0x000000043b000000, 0x000000043b000000, 0x000000043b800000|  0%| F|  |TAMS 0x000000043b000000| PB 0x000000043b000000| Untracked 
|  76|0x000000043b800000, 0x000000043b800000, 0x000000043c000000|  0%| F|  |TAMS 0x000000043b800000| PB 0x000000043b800000| Untracked 
|  77|0x000000043c000000, 0x000000043c000000, 0x000000043c800000|  0%| F|  |TAMS 0x000000043c000000| PB 0x000000043c000000| Untracked 
|  78|0x000000043c800000, 0x000000043c800000, 0x000000043d000000|  0%| F|  |TAMS 0x000000043c800000| PB 0x000000043c800000| Untracked 
|  79|0x000000043d000000, 0x000000043d000000, 0x000000043d800000|  0%| F|  |TAMS 0x000000043d000000| PB 0x000000043d000000| Untracked 
|  80|0x000000043d800000, 0x000000043d800000, 0x000000043e000000|  0%| F|  |TAMS 0x000000043d800000| PB 0x000000043d800000| Untracked 
|  81|0x000000043e000000, 0x000000043e000000, 0x000000043e800000|  0%| F|  |TAMS 0x000000043e000000| PB 0x000000043e000000| Untracked 
|  82|0x000000043e800000, 0x000000043e800000, 0x000000043f000000|  0%| F|  |TAMS 0x000000043e800000| PB 0x000000043e800000| Untracked 
|  83|0x000000043f000000, 0x000000043f000000, 0x000000043f800000|  0%| F|  |TAMS 0x000000043f000000| PB 0x000000043f000000| Untracked 
|  84|0x000000043f800000, 0x000000043f800000, 0x0000000440000000|  0%| F|  |TAMS 0x000000043f800000| PB 0x000000043f800000| Untracked 
|  85|0x0000000440000000, 0x0000000440000000, 0x0000000440800000|  0%| F|  |TAMS 0x0000000440000000| PB 0x0000000440000000| Untracked 
|  86|0x0000000440800000, 0x0000000440800000, 0x0000000441000000|  0%| F|  |TAMS 0x0000000440800000| PB 0x0000000440800000| Untracked 
|  87|0x0000000441000000, 0x0000000441000000, 0x0000000441800000|  0%| F|  |TAMS 0x0000000441000000| PB 0x0000000441000000| Untracked 
|  88|0x0000000441800000, 0x0000000441800000, 0x0000000442000000|  0%| F|  |TAMS 0x0000000441800000| PB 0x0000000441800000| Untracked 
|  89|0x0000000442000000, 0x0000000442000000, 0x0000000442800000|  0%| F|  |TAMS 0x0000000442000000| PB 0x0000000442000000| Untracked 
|  90|0x0000000442800000, 0x0000000442800000, 0x0000000443000000|  0%| F|  |TAMS 0x0000000442800000| PB 0x0000000442800000| Untracked 
|  91|0x0000000443000000, 0x0000000443000000, 0x0000000443800000|  0%| F|  |TAMS 0x0000000443000000| PB 0x0000000443000000| Untracked 
|  92|0x0000000443800000, 0x0000000443800000, 0x0000000444000000|  0%| F|  |TAMS 0x0000000443800000| PB 0x0000000443800000| Untracked 
|  93|0x0000000444000000, 0x0000000444000000, 0x0000000444800000|  0%| F|  |TAMS 0x0000000444000000| PB 0x0000000444000000| Untracked 
|  94|0x0000000444800000, 0x0000000444800000, 0x0000000445000000|  0%| F|  |TAMS 0x0000000444800000| PB 0x0000000444800000| Untracked 
|  95|0x0000000445000000, 0x0000000445000000, 0x0000000445800000|  0%| F|  |TAMS 0x0000000445000000| PB 0x0000000445000000| Untracked 
|  96|0x0000000445800000, 0x0000000445800000, 0x0000000446000000|  0%| F|  |TAMS 0x0000000445800000| PB 0x0000000445800000| Untracked 
|  97|0x0000000446000000, 0x0000000446000000, 0x0000000446800000|  0%| F|  |TAMS 0x0000000446000000| PB 0x0000000446000000| Untracked 
|  98|0x0000000446800000, 0x0000000446800000, 0x0000000447000000|  0%| F|  |TAMS 0x0000000446800000| PB 0x0000000446800000| Untracked 
|  99|0x0000000447000000, 0x0000000447000000, 0x0000000447800000|  0%| F|  |TAMS 0x0000000447000000| PB 0x0000000447000000| Untracked 
| 100|0x0000000447800000, 0x0000000447800000, 0x0000000448000000|  0%| F|  |TAMS 0x0000000447800000| PB 0x0000000447800000| Untracked 
| 101|0x0000000448000000, 0x0000000448000000, 0x0000000448800000|  0%| F|  |TAMS 0x0000000448000000| PB 0x0000000448000000| Untracked 
| 102|0x0000000448800000, 0x0000000448800000, 0x0000000449000000|  0%| F|  |TAMS 0x0000000448800000| PB 0x0000000448800000| Untracked 
| 103|0x0000000449000000, 0x0000000449000000, 0x0000000449800000|  0%| F|  |TAMS 0x0000000449000000| PB 0x0000000449000000| Untracked 
| 104|0x0000000449800000, 0x0000000449800000, 0x000000044a000000|  0%| F|  |TAMS 0x0000000449800000| PB 0x0000000449800000| Untracked 
| 105|0x000000044a000000, 0x000000044a000000, 0x000000044a800000|  0%| F|  |TAMS 0x000000044a000000| PB 0x000000044a000000| Untracked 
| 106|0x000000044a800000, 0x000000044a800000, 0x000000044b000000|  0%| F|  |TAMS 0x000000044a800000| PB 0x000000044a800000| Untracked 
| 107|0x000000044b000000, 0x000000044b000000, 0x000000044b800000|  0%| F|  |TAMS 0x000000044b000000| PB 0x000000044b000000| Untracked 
| 108|0x000000044b800000, 0x000000044b800000, 0x000000044c000000|  0%| F|  |TAMS 0x000000044b800000| PB 0x000000044b800000| Untracked 
| 109|0x000000044c000000, 0x000000044c000000, 0x000000044c800000|  0%| F|  |TAMS 0x000000044c000000| PB 0x000000044c000000| Untracked 
| 110|0x000000044c800000, 0x000000044c800000, 0x000000044d000000|  0%| F|  |TAMS 0x000000044c800000| PB 0x000000044c800000| Untracked 
| 111|0x000000044d000000, 0x000000044d000000, 0x000000044d800000|  0%| F|  |TAMS 0x000000044d000000| PB 0x000000044d000000| Untracked 
| 112|0x000000044d800000, 0x000000044d800000, 0x000000044e000000|  0%| F|  |TAMS 0x000000044d800000| PB 0x000000044d800000| Untracked 
| 113|0x000000044e000000, 0x000000044e000000, 0x000000044e800000|  0%| F|  |TAMS 0x000000044e000000| PB 0x000000044e000000| Untracked 
| 114|0x000000044e800000, 0x000000044e800000, 0x000000044f000000|  0%| F|  |TAMS 0x000000044e800000| PB 0x000000044e800000| Untracked 
| 115|0x000000044f000000, 0x000000044f000000, 0x000000044f800000|  0%| F|  |TAMS 0x000000044f000000| PB 0x000000044f000000| Untracked 
| 116|0x000000044f800000, 0x000000044f800000, 0x0000000450000000|  0%| F|  |TAMS 0x000000044f800000| PB 0x000000044f800000| Untracked 
| 117|0x0000000450000000, 0x0000000450000000, 0x0000000450800000|  0%| F|  |TAMS 0x0000000450000000| PB 0x0000000450000000| Untracked 
| 118|0x0000000450800000, 0x0000000450800000, 0x0000000451000000|  0%| F|  |TAMS 0x0000000450800000| PB 0x0000000450800000| Untracked 
| 119|0x0000000451000000, 0x0000000451349068, 0x0000000451800000| 41%| S|CS|TAMS 0x0000000451000000| PB 0x0000000451000000| Complete 
| 120|0x0000000451800000, 0x0000000451800000, 0x0000000452000000|  0%| F|  |TAMS 0x0000000451800000| PB 0x0000000451800000| Untracked 
| 121|0x0000000452000000, 0x0000000452000000, 0x0000000452800000|  0%| F|  |TAMS 0x0000000452000000| PB 0x0000000452000000| Untracked 
| 122|0x0000000452800000, 0x0000000452800000, 0x0000000453000000|  0%| F|  |TAMS 0x0000000452800000| PB 0x0000000452800000| Untracked 
| 123|0x0000000453000000, 0x0000000453666600, 0x0000000453800000| 79%| E|  |TAMS 0x0000000453000000| PB 0x0000000453000000| Complete 
| 124|0x0000000453800000, 0x0000000454000000, 0x0000000454000000|100%| E|CS|TAMS 0x0000000453800000| PB 0x0000000453800000| Complete 
| 125|0x0000000454000000, 0x0000000454800000, 0x0000000454800000|100%| E|  |TAMS 0x0000000454000000| PB 0x0000000454000000| Complete 
|2004|0x00000007ff800000, 0x00000007ff90ca78, 0x0000000800000000| 13%| O|  |TAMS 0x00000007ff800000| PB 0x00000007ff800000| Untracked 

Card table byte_map: [0x00007f8a30b2b000,0x00007f8a32a7f000] _byte_map_base: 0x00007f8a2ea7f000

Marking Bits: (CMBitMap*) 0x00007f8a4c047250
 Bits: [0x00007f8a2108b000, 0x00007f8a30b2b000)

Polling page: 0x00007f8a52eb0000

Metaspace:

Usage:
  Non-class:     13.27 MB used.
      Class:      1.55 MB used.
       Both:     14.82 MB used.

Virtual space:
  Non-class space:       64.00 MB reserved,      13.50 MB ( 21%) committed,  1 nodes.
      Class space:        1.00 GB reserved,       1.75 MB ( <1%) committed,  1 nodes.
             Both:        1.06 GB reserved,      15.25 MB (  1%) committed. 

Chunk freelists:
   Non-Class:  2.14 MB
       Class:  14.15 MB
        Both:  16.29 MB

MaxMetaspaceSize: unlimited
CompressedClassSpaceSize: 1.00 GB
Initial GC threshold: 21.00 MB
Current GC threshold: 21.00 MB
CDS: on
 - commit_granule_bytes: 65536.
 - commit_granule_words: 8192.
 - virtual_space_node_default_size: 8388608.
 - enlarge_chunks_in_place: 1.
 - use_allocation_guard: 0.


Internal statistics:

num_allocs_failed_limit: 0.
num_arena_births: 638.
num_arena_deaths: 0.
num_vsnodes_births: 2.
num_vsnodes_deaths: 0.
num_space_committed: 244.
num_space_uncommitted: 0.
num_chunks_returned_to_freelist: 0.
num_chunks_taken_from_freelist: 1075.
num_chunk_merges: 0.
num_chunk_splits: 702.
num_chunks_enlarged: 382.
num_inconsistent_stats: 0.

CodeHeap 'non-profiled nmethods': size=119168Kb used=982Kb max_used=982Kb free=118185Kb
 bounds [0x00007f8a3c573000, 0x00007f8a3c7e3000, 0x00007f8a439d3000]
CodeHeap 'profiled nmethods': size=119164Kb used=4863Kb max_used=4863Kb free=114301Kb
 bounds [0x00007f8a349d3000, 0x00007f8a34e93000, 0x00007f8a3be32000]
CodeHeap 'non-nmethods': size=7428Kb used=1612Kb max_used=3326Kb free=5815Kb
 bounds [0x00007f8a3be32000, 0x00007f8a3c182000, 0x00007f8a3c573000]
CodeCache: size=245760Kb, used=7457Kb, max_used=9171Kb, free=238301Kb
 total_blobs=3163, nmethods=2470, adapters=598, full_count=0
Compilation: enabled, stopped_count=0, restarted_count=0

Compilation events (20 events):
Event: 127.266 Thread 0x00007f89981a1d00 nmethod 2458 0x00007f8a34e89110 code [0x00007f8a34e89340, 0x00007f8a34e89858]
Event: 127.266 Thread 0x00007f8a4c1569a0 2460       3       com.fasterxml.jackson.databind.type.TypeFactory::_findWellKnownSimple (86 bytes)
Event: 127.266 Thread 0x00007f89981a1d00 2461       3       com.fasterxml.jackson.core.json.ReaderBasedJsonParser::_parseName (118 bytes)
Event: 127.266 Thread 0x00007f8a4c1569a0 nmethod 2460 0x00007f8a34e89a10 code [0x00007f8a34e89c00, 0x00007f8a34e8a068]
Event: 127.266 Thread 0x00007f89981a1d00 nmethod 2461 0x00007f8a34e8a110 code [0x00007f8a34e8a2e0, 0x00007f8a34e8a658]
Event: 127.502 Thread 0x00007f8a4c1569a0 2462       3       java.util.concurrent.locks.ReentrantReadWriteLock::readLock (5 bytes)
Event: 127.502 Thread 0x00007f8a4c1569a0 nmethod 2462 0x00007f8a34e8a810 code [0x00007f8a34e8a9a0, 0x00007f8a34e8aad0]
Event: 127.547 Thread 0x00007f89981a1d00 2463       3       java.util.concurrent.ConcurrentLinkedQueue$Node::<init> (13 bytes)
Event: 127.547 Thread 0x00007f89981a1d00 nmethod 2463 0x00007f8a34e8ab90 code [0x00007f8a34e8ade0, 0x00007f8a34e8b718]
Event: 128.265 Thread 0x00007f8a4c1569a0 2464       3       com.fasterxml.jackson.core.util.TextBuffer::contentsAsString (257 bytes)
Event: 128.266 Thread 0x00007f8a4c1569a0 nmethod 2464 0x00007f8a34e8ba10 code [0x00007f8a34e8bd20, 0x00007f8a34e8cfd8]
Event: 128.266 Thread 0x00007f8a4c1569a0 2465       3       com.fasterxml.jackson.core.json.ReaderBasedJsonParser::_nextAfterName (62 bytes)
Event: 128.266 Thread 0x00007f8a4c1569a0 nmethod 2465 0x00007f8a34e8d590 code [0x00007f8a34e8d7a0, 0x00007f8a34e8ddd8]
Event: 128.266 Thread 0x00007f8a4c1569a0 2469       3       com.fasterxml.jackson.core.json.ReaderBasedJsonParser::_skipColon (324 bytes)
Event: 128.266 Thread 0x00007f8a4c1569a0 nmethod 2469 0x00007f8a34e8e010 code [0x00007f8a34e8e2a0, 0x00007f8a34e8ebd8]
Event: 128.266 Thread 0x00007f8a4c1569a0 2467       3       com.fasterxml.jackson.databind.util.internal.PrivateMaxEntriesMap$Node::setNext (9 bytes)
Event: 128.266 Thread 0x00007f8a4c1569a0 nmethod 2467 0x00007f8a34e8ee10 code [0x00007f8a34e8efc0, 0x00007f8a34e8f220]
Event: 128.266 Thread 0x00007f8a4c1569a0 2468       3       com.fasterxml.jackson.databind.util.internal.PrivateMaxEntriesMap$Node::setPrevious (9 bytes)
Event: 128.266 Thread 0x00007f8a4c1569a0 nmethod 2468 0x00007f8a34e8f310 code [0x00007f8a34e8f4c0, 0x00007f8a34e8f720]
Event: 128.266 Thread 0x00007f8a4c1569a0 2466       3       java.lang.invoke.VarHandleGuards::guard_LIL_V (135 bytes)

GC Heap History (2 events):
Event: 0.855 GC heap before
{Heap before GC invocations=0 (full 0):
 garbage-first heap   total 1040384K, used 50226K [0x0000000415800000, 0x0000000800000000)
  region size 8192K, 6 young (49152K), 0 survivors (0K)
 Metaspace       used 12874K, committed 13184K, reserved 1114112K
  class space    used 1340K, committed 1472K, reserved 1048576K
}
Event: 0.859 GC heap after
{Heap after GC invocations=1 (full 0):
 garbage-first heap   total 1040384K, used 4438K [0x0000000415800000, 0x0000000800000000)
  region size 8192K, 1 young (8192K), 1 survivors (8192K)
 Metaspace       used 12874K, committed 13184K, reserved 1114112K
  class space    used 1340K, committed 1472K, reserved 1048576K
}

Dll operation events (11 events):
Event: 0.001 Loaded shared library /usr/lib/jvm/java-21-openjdk-amd64/lib/libjava.so
Event: 0.013 Loaded shared library /usr/lib/jvm/java-21-openjdk-amd64/lib/libjsvml.so
Event: 0.014 Loaded shared library /usr/lib/jvm/java-21-openjdk-amd64/lib/libnio.so
Event: 0.016 Loaded shared library /usr/lib/jvm/java-21-openjdk-amd64/lib/libzip.so
Event: 0.026 Loaded shared library /usr/lib/jvm/java-21-openjdk-amd64/lib/libjimage.so
Event: 0.062 Loaded shared library /home/developer/.cache/JNA/temp/jna9249858599706224875.tmp
Event: 0.114 Loaded shared library /usr/lib/jvm/java-21-openjdk-amd64/lib/libnet.so
Event: 0.350 Loaded shared library /usr/lib/jvm/java-21-openjdk-amd64/lib/libawt.so
Event: 0.351 Loaded shared library /usr/lib/jvm/java-21-openjdk-amd64/lib/libawt_xawt.so
Event: 0.360 Loaded shared library /usr/lib/jvm/java-21-openjdk-amd64/lib/libfontmanager.so
Event: 0.613 Loaded shared library /usr/lib/jvm/java-21-openjdk-amd64/lib/libextnet.so

Deoptimization events (20 events):
Event: 118.266 Thread 0x00007f894c0035f0 DEOPT PACKING pc=0x00007f8a34d2ba01 sp=0x00007f897ecf8570
Event: 118.266 Thread 0x00007f894c0035f0 DEOPT UNPACKING pc=0x00007f8a3be8672f sp=0x00007f897ecf7a28 mode 0
Event: 123.267 Thread 0x00007f894c0035f0 Uncommon trap: trap_request=0xffffff45 fr.pc=0x00007f8a3c64bf60 relative=0x0000000000000060
Event: 123.267 Thread 0x00007f894c0035f0 Uncommon trap: reason=unstable_if action=reinterpret pc=0x00007f8a3c64bf60 method=java.util.Formatter$Conversion.isValid(C)Z @ 1 c2
Event: 123.267 Thread 0x00007f894c0035f0 DEOPT PACKING pc=0x00007f8a3c64bf60 sp=0x00007f897ecf8ac0
Event: 123.267 Thread 0x00007f894c0035f0 DEOPT UNPACKING pc=0x00007f8a3be85f99 sp=0x00007f897ecf8a68 mode 2
Event: 123.267 Thread 0x00007f894c0035f0 Uncommon trap: trap_request=0xffffff3d fr.pc=0x00007f8a3c6526d4 relative=0x00000000000006f4
Event: 123.267 Thread 0x00007f894c0035f0 Uncommon trap: reason=unstable_fused_if action=reinterpret pc=0x00007f8a3c6526d4 method=java.util.Formatter$FormatSpecifier.print(Ljava/util/Formatter;Ljava/lang/Object;Ljava/util/Locale;)V @ 19 c2
Event: 123.267 Thread 0x00007f894c0035f0 DEOPT PACKING pc=0x00007f8a3c6526d4 sp=0x00007f897ecf8bd0
Event: 123.267 Thread 0x00007f894c0035f0 DEOPT UNPACKING pc=0x00007f8a3be85f99 sp=0x00007f897ecf8ba0 mode 2
Event: 123.267 Thread 0x00007f894c0035f0 Uncommon trap: trap_request=0xffffff45 fr.pc=0x00007f8a3c5d82d8 relative=0x0000000000004958
Event: 123.267 Thread 0x00007f894c0035f0 Uncommon trap: reason=unstable_if action=reinterpret pc=0x00007f8a3c5d82d8 method=java.util.regex.Pattern$BmpCharPropertyGreedy.match(Ljava/util/regex/Matcher;ILjava/lang/CharSequence;)Z @ 73 c2
Event: 123.267 Thread 0x00007f894c0035f0 DEOPT PACKING pc=0x00007f8a3c5d82d8 sp=0x00007f897ecf8980
Event: 123.267 Thread 0x00007f894c0035f0 DEOPT UNPACKING pc=0x00007f8a3be85f99 sp=0x00007f897ecf8790 mode 2
Event: 123.267 Thread 0x00007f894c0035f0 Uncommon trap: trap_request=0xffffff45 fr.pc=0x00007f8a3c663448 relative=0x0000000000000b68
Event: 123.267 Thread 0x00007f894c0035f0 Uncommon trap: reason=unstable_if action=reinterpret pc=0x00007f8a3c663448 method=java.util.Formatter$Flags.parse(Ljava/lang/String;II)I @ 8 c2
Event: 123.267 Thread 0x00007f894c0035f0 DEOPT PACKING pc=0x00007f8a3c663448 sp=0x00007f897ecf8a30
Event: 123.267 Thread 0x00007f894c0035f0 DEOPT UNPACKING pc=0x00007f8a3be85f99 sp=0x00007f897ecf88f8 mode 2
Event: 124.265 Thread 0x00007f894c0035f0 DEOPT PACKING pc=0x00007f8a34af2f65 sp=0x00007f897ecf90c0
Event: 124.265 Thread 0x00007f894c0035f0 DEOPT UNPACKING pc=0x00007f8a3be8672f sp=0x00007f897ecf8518 mode 0

Classes loaded (20 events):
Event: 1.538 Loading class java/lang/invoke/MethodHandleImpl$TableSwitchCacheKey
Event: 1.538 Loading class java/lang/invoke/MethodHandleImpl$TableSwitchCacheKey done
Event: 5.507 Loading class java/lang/invoke/MethodHandleImpl$CountingWrapper$1
Event: 5.507 Loading class java/lang/invoke/MethodHandleImpl$CountingWrapper$1 done
Event: 62.465 Loading class sun/nio/fs/LinuxFileStore
Event: 62.465 Loading class sun/nio/fs/UnixFileStore
Event: 62.465 Loading class java/nio/file/FileStore
Event: 62.465 Loading class java/nio/file/FileStore done
Event: 62.465 Loading class sun/nio/fs/UnixFileStore done
Event: 62.465 Loading class sun/nio/fs/LinuxFileStore done
Event: 62.465 Loading class sun/nio/fs/LinuxNativeDispatcher
Event: 62.465 Loading class sun/nio/fs/LinuxNativeDispatcher done
Event: 62.466 Loading class jdk/internal/math/FormattedFPDecimal
Event: 62.466 Loading class jdk/internal/math/FormattedFPDecimal done
Event: 72.338 Loading class java/text/DigitList$1
Event: 72.338 Loading class java/text/DigitList$1 done
Event: 116.256 Loading class java/util/UUID$Holder
Event: 116.256 Loading class java/util/UUID$Holder done
Event: 123.267 Loading class java/time/Instant$1
Event: 123.267 Loading class java/time/Instant$1 done

Classes unloaded (0 events):
No events

Classes redefined (0 events):
No events

Internal exceptions (20 events):
Event: 1.536 Thread 0x00007f8a4c018e70 Exception <a 'java/lang/NoSuchMethodError'{0x000000045385fea8}: 'int java.lang.invoke.DirectMethodHandle$Holder.invokeStaticInit(java.lang.Object, java.lang.Object, java.lang.Object, java.lang.Object, java.lang.Object)'> (0x000000045385fea8) 
thrown [./src/hotspot/share/interpreter/linkResolver.cpp, line 772]
Event: 1.536 Thread 0x00007f8a4c018e70 Exception <a 'java/lang/NoSuchMethodError'{0x00000004538637a8}: 'int java.lang.invoke.DirectMethodHandle$Holder.invokeStaticInit(java.lang.Object, int)'> (0x00000004538637a8) 
thrown [./src/hotspot/share/interpreter/linkResolver.cpp, line 772]
Event: 1.536 Thread 0x00007f8a4c018e70 Exception <a 'java/lang/NoSuchMethodError'{0x000000045386aa80}: 'int java.lang.invoke.DirectMethodHandle$Holder.invokeStaticInit(java.lang.Object, java.lang.Object, java.lang.Object, java.lang.Object, java.lang.Object, java.lang.Object)'> (0x000000045386aa80) 
thrown [./src/hotspot/share/interpreter/linkResolver.cpp, line 772]
Event: 1.537 Thread 0x00007f8a4c018e70 Exception <a 'java/lang/NoSuchMethodError'{0x000000045387e068}: 'java.lang.Object java.lang.invoke.DirectMethodHandle$Holder.invokeSpecial(java.lang.Object, java.lang.Object, int, java.lang.Object, java.lang.Object)'> (0x000000045387e068) 
thrown [./src/hotspot/share/interpreter/linkResolver.cpp, line 772]
Event: 1.537 Thread 0x00007f8a4c018e70 Exception <a 'java/lang/NoSuchMethodError'{0x00000004538819f8}: 'java.lang.Object java.lang.invoke.DelegatingMethodHandle$Holder.delegate(java.lang.Object, int, java.lang.Object, java.lang.Object)'> (0x00000004538819f8) 
thrown [./src/hotspot/share/interpreter/linkResolver.cpp, line 772]
Event: 1.538 Thread 0x00007f8a4c018e70 Exception <a 'java/lang/NoSuchMethodError'{0x00000004538a4530}: 'java.lang.Object java.lang.invoke.DirectMethodHandle$Holder.invokeSpecial(java.lang.Object, java.lang.Object, java.lang.Object, int, java.lang.Object)'> (0x00000004538a4530) 
thrown [./src/hotspot/share/interpreter/linkResolver.cpp, line 772]
Event: 1.539 Thread 0x00007f8a4c018e70 Exception <a 'java/lang/NoSuchMethodError'{0x00000004538c4688}: 'int java.lang.invoke.DirectMethodHandle$Holder.invokeSpecial(java.lang.Object, java.lang.Object, int)'> (0x00000004538c4688) 
thrown [./src/hotspot/share/interpreter/linkResolver.cpp, line 772]
Event: 1.539 Thread 0x00007f8a4c018e70 Exception <a 'java/lang/NoSuchMethodError'{0x00000004538cbfa8}: 'int java.lang.invoke.Invokers$Holder.linkToTargetMethod(java.lang.Object, int, java.lang.Object)'> (0x00000004538cbfa8) 
thrown [./src/hotspot/share/interpreter/linkResolver.cpp, line 772]
Event: 1.545 Thread 0x00007f8a4c018e70 Exception <a 'java/lang/NoSuchMethodError'{0x0000000453a7fa60}: 'void java.lang.invoke.DirectMethodHandle$Holder.invokeInterface(java.lang.Object, java.lang.Object, java.lang.Object, java.lang.Object)'> (0x0000000453a7fa60) 
thrown [./src/hotspot/share/interpreter/linkResolver.cpp, line 772]
Event: 1.546 Thread 0x00007f8a4c018e70 Exception <a 'java/lang/NoSuchMethodError'{0x0000000453a8ded8}: 'java.lang.Object java.lang.invoke.Invokers$Holder.invokeExact_MT(java.lang.Object, java.lang.Object, java.lang.Object, java.lang.Object, java.lang.Object)'> (0x0000000453a8ded8) 
thrown [./src/hotspot/share/interpreter/linkResolver.cpp, line 772]
Event: 5.507 Thread 0x00007f8a4c018e70 Exception <a 'java/lang/NoSuchMethodError'{0x0000000453b1de50}: 'int java.lang.invoke.DelegatingMethodHandle$Holder.delegate(java.lang.Object, int, java.lang.Object)'> (0x0000000453b1de50) 
thrown [./src/hotspot/share/interpreter/linkResolver.cpp, line 772]
Event: 37.547 Thread 0x00007f8a4c9a7490 Implicit null exception at 0x00007f8a3c6002be to 0x00007f8a3c601da4
Event: 53.547 Thread 0x00007f8a4c9a7490 Implicit null exception at 0x00007f8a3c61e39b to 0x00007f8a3c61f0ec
Event: 62.462 Thread 0x00007f8a4c018e70 Exception <a 'java/lang/NoSuchMethodError'{0x0000000453f355e0}: 'void java.lang.invoke.DirectMethodHandle$Holder.invokeStatic(java.lang.Object, java.lang.Object, int)'> (0x0000000453f355e0) 
thrown [./src/hotspot/share/interpreter/linkResolver.cpp, line 772]
Event: 62.466 Thread 0x00007f8a4c018e70 Exception <a 'java/lang/NoSuchMethodError'{0x0000000453f77e90}: 'void java.lang.invoke.DirectMethodHandle$Holder.invokeStatic(java.lang.Object, java.lang.Object, double)'> (0x0000000453f77e90) 
thrown [./src/hotspot/share/interpreter/linkResolver.cpp, line 772]
Event: 72.313 Thread 0x00007f8a4c018e70 Exception <a 'java/lang/NoSuchMethodError'{0x0000000453ff61d8}: 'void java.lang.invoke.DelegatingMethodHandle$Holder.reinvoke_L(java.lang.Object, java.lang.Object, java.lang.Object, java.lang.Object, int, java.lang.Object)'> (0x0000000453ff61d8) 
thrown [./src/hotspot/share/interpreter/linkResolver.cpp, line 772]
Event: 72.334 Thread 0x00007f8a4c018e70 Exception <a 'java/lang/NoSuchMethodError'{0x00000004530e8340}: 'java.lang.Object java.lang.invoke.DirectMethodHandle$Holder.invokeSpecial(java.lang.Object, java.lang.Object, java.lang.Object, long, java.lang.Object)'> (0x00000004530e8340) 
thrown [./src/hotspot/share/interpreter/linkResolver.cpp, line 772]
Event: 72.335 Thread 0x00007f8a4c018e70 Exception <a 'java/lang/NoSuchMethodError'{0x00000004530ebcb0}: 'java.lang.Object java.lang.invoke.Invokers$Holder.linkToTargetMethod(java.lang.Object, long, java.lang.Object, java.lang.Object)'> (0x00000004530ebcb0) 
thrown [./src/hotspot/share/interpreter/linkResolver.cpp, line 772]
Event: 116.257 Thread 0x00007f8a4c018e70 Exception <a 'java/lang/NoSuchMethodError'{0x0000000453340ed0}: 'java.lang.Object java.lang.invoke.DirectMethodHandle$Holder.invokeInterface(java.lang.Object, java.lang.Object, java.lang.Object)'> (0x0000000453340ed0) 
thrown [./src/hotspot/share/interpreter/linkResolver.cpp, line 772]
Event: 116.260 Thread 0x00007f896c0050f0 Exception <a 'java/lang/NoSuchMethodError'{0x00000004533fc868}: 'java.lang.Object java.lang.invoke.Invokers$Holder.invoke_MT(java.lang.Object, java.lang.Object, java.lang.Object, java.lang.Object, java.lang.Object, java.lang.Object)'> (0x00000004533fc868) 
thrown [./src/hotspot/share/interpreter/linkResolver.cpp, line 772]

ZGC Phase Switch (0 events):
No events

VM Operations (20 events):
Event: 118.050 Executing VM operation: Cleanup
Event: 118.050 Executing VM operation: Cleanup done
Event: 119.050 Executing VM operation: Cleanup
Event: 119.050 Executing VM operation: Cleanup done
Event: 120.075 Executing VM operation: HandshakeAllThreads (HandshakeForDeflation)
Event: 120.075 Executing VM operation: HandshakeAllThreads (HandshakeForDeflation) done
Event: 120.075 Executing VM operation: RendezvousGCThreads
Event: 120.075 Executing VM operation: RendezvousGCThreads done
Event: 121.076 Executing VM operation: Cleanup
Event: 121.076 Executing VM operation: Cleanup done
Event: 122.076 Executing VM operation: Cleanup
Event: 122.076 Executing VM operation: Cleanup done
Event: 123.076 Executing VM operation: Cleanup
Event: 123.076 Executing VM operation: Cleanup done
Event: 124.076 Executing VM operation: Cleanup
Event: 124.076 Executing VM operation: Cleanup done
Event: 126.076 Executing VM operation: Cleanup
Event: 126.076 Executing VM operation: Cleanup done
Event: 127.076 Executing VM operation: Cleanup
Event: 127.076 Executing VM operation: Cleanup done

Memory protections (20 events):
Event: 15.140 Protecting memory [0x00007f8a203af000,0x00007f8a203b3000] with protection modes 0
Event: 15.140 Protecting memory [0x00007f8a202ae000,0x00007f8a202b2000] with protection modes 0
Event: 62.469 Protecting memory [0x00007f897eefe000,0x00007f897ef02000] with protection modes 0
Event: 72.315 Protecting memory [0x00007f897eefe000,0x00007f897ef02000] with protection modes 0
Event: 72.315 Protecting memory [0x00007f8a5004e000,0x00007f8a50052000] with protection modes 0
Event: 72.332 Protecting memory [0x00007f89bc061000,0x00007f89bc065000] with protection modes 0
Event: 72.332 Protecting memory [0x00007f897d07c000,0x00007f897d080000] with protection modes 0
Event: 72.332 Protecting memory [0x00007f897edfd000,0x00007f897ee01000] with protection modes 0
Event: 72.340 Protecting memory [0x00007f897ecfc000,0x00007f897ed00000] with protection modes 0
Event: 111.437 Protecting memory [0x00007f89bc061000,0x00007f89bc065000] with protection modes 0
Event: 114.200 Protecting memory [0x00007f89bc061000,0x00007f89bc065000] with protection modes 0
Event: 114.200 Protecting memory [0x00007f897d07c000,0x00007f897d080000] with protection modes 0
Event: 114.200 Protecting memory [0x00007f897eefe000,0x00007f897ef02000] with protection modes 0
Event: 116.259 Protecting memory [0x00007f897eefe000,0x00007f897ef02000] with protection modes 0
Event: 116.260 Protecting memory [0x00007f897edfd000,0x00007f897ee01000] with protection modes 0
Event: 116.260 Protecting memory [0x00007f897ecfc000,0x00007f897ed00000] with protection modes 0
Event: 116.265 Protecting memory [0x00007f897ebfb000,0x00007f897ebff000] with protection modes 0
Event: 124.267 Protecting memory [0x00007f897eefe000,0x00007f897ef02000] with protection modes 0
Event: 124.267 Protecting memory [0x00007f89bc061000,0x00007f89bc065000] with protection modes 0
Event: 124.267 Protecting memory [0x00007f897d07c000,0x00007f897d080000] with protection modes 0

Nmethod flushes (0 events):
No events

Events (20 events):
Event: 79.547 Thread 0x00007f8984056390 Thread exited: 0x00007f8984056390
Event: 111.437 Thread 0x00007f8a4c1569a0 Thread added: 0x00007f8998089380
Event: 113.550 Thread 0x00007f8998089380 Thread exited: 0x00007f8998089380
Event: 114.200 Thread 0x00007f8a4c1569a0 Thread added: 0x00007f8998094210
Event: 114.200 Thread 0x00007f8a4c1569a0 Thread added: 0x00007f8998094c80
Event: 114.200 Thread 0x00007f8a4c1569a0 Thread added: 0x00007f8998095940
Event: 115.547 Thread 0x00007f8998095940 Thread exited: 0x00007f8998095940
Event: 116.259 Thread 0x00007f8998094c80 Thread added: 0x00007f8968034830
Event: 116.260 Thread 0x00007f8a4c018e70 Thread added: 0x00007f8a4d0e3400
Event: 116.260 Thread 0x00007f8a4d0e3400 Thread added: 0x00007f896c0050f0
Event: 116.265 Thread 0x00007f896c0050f0 Thread added: 0x00007f894c0035f0
Event: 117.266 Thread 0x00007f8998094c80 Thread exited: 0x00007f8998094c80
Event: 117.266 Thread 0x00007f8968034830 Thread exited: 0x00007f8968034830
Event: 119.265 Thread 0x00007f8998094210 Thread exited: 0x00007f8998094210
Event: 124.266 Thread 0x00007f8a4c1569a0 Thread added: 0x00007f89981a1d00
Event: 124.267 Thread 0x00007f8a4c1569a0 Thread added: 0x00007f89981a2a70
Event: 124.267 Thread 0x00007f8a4c1569a0 Thread added: 0x00007f89981a36e0
Event: 125.266 Thread 0x00007f89981a36e0 Thread exited: 0x00007f89981a36e0
Event: 125.266 Thread 0x00007f89981a2a70 Thread exited: 0x00007f89981a2a70
Event: 128.265 Thread 0x00007f89981a1d00 Thread exited: 0x00007f89981a1d00


Dynamic libraries:
415800000-454800000 rw-p 00000000 00:00 0 
454800000-7ff800000 ---p 00000000 00:00 0 
7ff800000-7ff90d000 rw-p 00cdf000 fe:03 62143690                         /usr/lib/jvm/java-21-openjdk-amd64/lib/server/classes.jsa
7ff90d000-800000000 rw-p 00000000 00:00 0 
558accb69000-558accb6a000 r--p 00000000 fe:03 62143537                   /usr/lib/jvm/java-21-openjdk-amd64/bin/java
558accb6a000-558accb6b000 r-xp 00001000 fe:03 62143537                   /usr/lib/jvm/java-21-openjdk-amd64/bin/java
558accb6b000-558accb6c000 r--p 00002000 fe:03 62143537                   /usr/lib/jvm/java-21-openjdk-amd64/bin/java
558accb6c000-558accb6d000 r--p 00002000 fe:03 62143537                   /usr/lib/jvm/java-21-openjdk-amd64/bin/java
558accb6d000-558accb6e000 rw-p 00003000 fe:03 62143537                   /usr/lib/jvm/java-21-openjdk-amd64/bin/java
558acd1c5000-558acd20c000 rw-p 00000000 00:00 0                          [heap]
7f88c4000000-7f88c4021000 rw-p 00000000 00:00 0 
7f88c4021000-7f88c8000000 ---p 00000000 00:00 0 
7f88ca519000-7f88ca7fd000 rw-p 00000000 00:00 0 
7f88ca7fd000-7f88ca7fe000 ---p 00000000 00:00 0 
7f88ca7fe000-7f88caffe000 rw-p 00000000 00:00 0 
7f88caffe000-7f88cafff000 ---p 00000000 00:00 0 
7f88cafff000-7f88cb7ff000 rw-p 00000000 00:00 0 
7f88cb7ff000-7f88cb800000 ---p 00000000 00:00 0 
7f88cb800000-7f88cc000000 rw-p 00000000 00:00 0 
7f88cc000000-7f88cc022000 rw-p 00000000 00:00 0 
7f88cc022000-7f88d0000000 ---p 00000000 00:00 0 
7f88d0000000-7f88d0021000 rw-p 00000000 00:00 0 
7f88d0021000-7f88d4000000 ---p 00000000 00:00 0 
7f88d4000000-7f88d4021000 rw-p 00000000 00:00 0 
7f88d4021000-7f88d8000000 ---p 00000000 00:00 0 
7f88d8000000-7f88d866f000 rw-p 00000000 00:00 0 
7f88d866f000-7f88dc000000 ---p 00000000 00:00 0 
7f88dc000000-7f88dc021000 rw-p 00000000 00:00 0 
7f88dc021000-7f88e0000000 ---p 00000000 00:00 0 
7f88e0000000-7f88e0021000 rw-p 00000000 00:00 0 
7f88e0021000-7f88e4000000 ---p 00000000 00:00 0 
7f88e4000000-7f88e4021000 rw-p 00000000 00:00 0 
7f88e4021000-7f88e8000000 ---p 00000000 00:00 0 
7f88e8000000-7f88e8021000 rw-p 00000000 00:00 0 
7f88e8021000-7f88ec000000 ---p 00000000 00:00 0 
7f88ec000000-7f88ec021000 rw-p 00000000 00:00 0 
7f88ec021000-7f88f0000000 ---p 00000000 00:00 0 
7f88f0000000-7f88f0021000 rw-p 00000000 00:00 0 
7f88f0021000-7f88f4000000 ---p 00000000 00:00 0 
7f88f4000000-7f88f4021000 rw-p 00000000 00:00 0 
7f88f4021000-7f88f8000000 ---p 00000000 00:00 0 
7f88f8000000-7f88f8021000 rw-p 00000000 00:00 0 
7f88f8021000-7f88fc000000 ---p 00000000 00:00 0 
7f88fc000000-7f88fc021000 rw-p 00000000 00:00 0 
7f88fc021000-7f8900000000 ---p 00000000 00:00 0 
7f8900000000-7f8900021000 rw-p 00000000 00:00 0 
7f8900021000-7f8904000000 ---p 00000000 00:00 0 
7f8904000000-7f8904021000 rw-p 00000000 00:00 0 
7f8904021000-7f8908000000 ---p 00000000 00:00 0 
7f8908000000-7f8908021000 rw-p 00000000 00:00 0 
7f8908021000-7f890c000000 ---p 00000000 00:00 0 
7f890c000000-7f890c021000 rw-p 00000000 00:00 0 
7f890c021000-7f8910000000 ---p 00000000 00:00 0 
7f8910000000-7f8910021000 rw-p 00000000 00:00 0 
7f8910021000-7f8914000000 ---p 00000000 00:00 0 
7f8914000000-7f8914021000 rw-p 00000000 00:00 0 
7f8914021000-7f8918000000 ---p 00000000 00:00 0 
7f8918000000-7f8918021000 rw-p 00000000 00:00 0 
7f8918021000-7f891c000000 ---p 00000000 00:00 0 
7f891c000000-7f891c021000 rw-p 00000000 00:00 0 
7f891c021000-7f8920000000 ---p 00000000 00:00 0 
7f8920000000-7f8920021000 rw-p 00000000 00:00 0 
7f8920021000-7f8924000000 ---p 00000000 00:00 0 
7f8924000000-7f8924021000 rw-p 00000000 00:00 0 
7f8924021000-7f8928000000 ---p 00000000 00:00 0 
7f8928000000-7f8928021000 rw-p 00000000 00:00 0 
7f8928021000-7f892c000000 ---p 00000000 00:00 0 
7f892c000000-7f892c021000 rw-p 00000000 00:00 0 
7f892c021000-7f8930000000 ---p 00000000 00:00 0 
7f8930000000-7f8930021000 rw-p 00000000 00:00 0 
7f8930021000-7f8934000000 ---p 00000000 00:00 0 
7f8934000000-7f8934021000 rw-p 00000000 00:00 0 
7f8934021000-7f8938000000 ---p 00000000 00:00 0 
7f8938000000-7f8938021000 rw-p 00000000 00:00 0 
7f8938021000-7f893c000000 ---p 00000000 00:00 0 
7f893c000000-7f893c021000 rw-p 00000000 00:00 0 
7f893c021000-7f8940000000 ---p 00000000 00:00 0 
7f8940000000-7f8940021000 rw-p 00000000 00:00 0 
7f8940021000-7f8944000000 ---p 00000000 00:00 0 
7f8944000000-7f8944021000 rw-p 00000000 00:00 0 
7f8944021000-7f8948000000 ---p 00000000 00:00 0 
7f8948000000-7f8948021000 rw-p 00000000 00:00 0 
7f8948021000-7f894c000000 ---p 00000000 00:00 0 
7f894c000000-7f894c053000 rw-p 00000000 00:00 0 
7f894c053000-7f8950000000 ---p 00000000 00:00 0 
7f8950000000-7f89501b1000 rw-p 00000000 00:00 0 
7f89501b1000-7f8954000000 ---p 00000000 00:00 0 
7f8954000000-7f89540ef000 rw-p 00000000 00:00 0 
7f89540ef000-7f8958000000 ---p 00000000 00:00 0 
7f8958000000-7f8958021000 rw-p 00000000 00:00 0 
7f8958021000-7f895c000000 ---p 00000000 00:00 0 
7f895c000000-7f895c021000 rw-p 00000000 00:00 0 
7f895c021000-7f8960000000 ---p 00000000 00:00 0 
7f8960000000-7f896003e000 rw-p 00000000 00:00 0 
7f896003e000-7f8964000000 ---p 00000000 00:00 0 
7f8964000000-7f89640de000 rw-p 00000000 00:00 0 
7f89640de000-7f8968000000 ---p 00000000 00:00 0 
7f8968000000-7f89680ab000 rw-p 00000000 00:00 0 
7f89680ab000-7f896c000000 ---p 00000000 00:00 0 
7f896c000000-7f896c067000 rw-p 00000000 00:00 0 
7f896c067000-7f8970000000 ---p 00000000 00:00 0 
7f8970000000-7f8970021000 rw-p 00000000 00:00 0 
7f8970021000-7f8974000000 ---p 00000000 00:00 0 
7f8974000000-7f8974221000 rw-p 00000000 00:00 0 
7f8974221000-7f8978000000 ---p 00000000 00:00 0 
7f8978000000-7f8978021000 rw-p 00000000 00:00 0 
7f8978021000-7f897c000000 ---p 00000000 00:00 0 
7f897c2d5000-7f897c371000 r--p 00000000 fe:03 62144962                   /usr/share/fonts/truetype/dejavu/DejaVuSans-Oblique.ttf
7f897c371000-7f897c40d000 r--p 00000000 fe:03 62144962                   /usr/share/fonts/truetype/dejavu/DejaVuSans-Oblique.ttf
7f897c40d000-7f897c411000 r--p 00000000 fe:03 62030928                   /usr/lib/x86_64-linux-gnu/gio/modules/libdconfsettings.so
7f897c411000-7f897c418000 r-xp 00004000 fe:03 62030928                   /usr/lib/x86_64-linux-gnu/gio/modules/libdconfsettings.so
7f897c418000-7f897c41b000 r--p 0000b000 fe:03 62030928                   /usr/lib/x86_64-linux-gnu/gio/modules/libdconfsettings.so
7f897c41b000-7f897c41c000 r--p 0000e000 fe:03 62030928                   /usr/lib/x86_64-linux-gnu/gio/modules/libdconfsettings.so
7f897c41c000-7f897c41d000 rw-p 0000f000 fe:03 62030928                   /usr/lib/x86_64-linux-gnu/gio/modules/libdconfsettings.so
7f897c41d000-7f897c4ca000 r--p 00000000 fe:03 62143008                   /usr/share/fonts/truetype/dejavu/DejaVuSans-Bold.ttf
7f897c4ca000-7f897c577000 r--p 00000000 fe:03 62143008                   /usr/share/fonts/truetype/dejavu/DejaVuSans-Bold.ttf
7f897c577000-7f897c578000 ---p 00000000 00:00 0 
7f897c578000-7f897cd78000 rw-p 00000000 00:00 0 
7f897cd78000-7f897cd79000 ---p 00000000 00:00 0 
7f897cd79000-7f897cd7d000 ---p 00000000 00:00 0 
7f897cd7d000-7f897ce79000 rw-p 00000000 00:00 0 
7f897ce79000-7f897ce7a000 ---p 00000000 00:00 0 
7f897ce7a000-7f897ce7e000 ---p 00000000 00:00 0 
7f897ce7e000-7f897cf7a000 rw-p 00000000 00:00 0 
7f897cf7a000-7f897cf7b000 ---p 00000000 00:00 0 
7f897cf7b000-7f897cf7f000 ---p 00000000 00:00 0 
7f897cf7f000-7f897d07b000 rw-p 00000000 00:00 0 
7f897d07b000-7f897d07c000 ---p 00000000 00:00 0 
7f897d07c000-7f897d080000 ---p 00000000 00:00 0 
7f897d080000-7f897d17c000 rw-p 00000000 00:00 0 
7f897d17c000-7f897d17d000 ---p 00000000 00:00 0 
7f897d17d000-7f897d27d000 rw-p 00000000 00:00 0 
7f897d27d000-7f897d27e000 ---p 00000000 00:00 0 
7f897d27e000-7f897d37e000 rw-p 00000000 00:00 0 
7f897d37e000-7f897d37f000 ---p 00000000 00:00 0 
7f897d37f000-7f897d47f000 rw-p 00000000 00:00 0 
7f897d47f000-7f897d480000 ---p 00000000 00:00 0 
7f897d480000-7f897d580000 rw-p 00000000 00:00 0 
7f897d580000-7f897d581000 ---p 00000000 00:00 0 
7f897d581000-7f897d681000 rw-p 00000000 00:00 0 
7f897d681000-7f897d682000 ---p 00000000 00:00 0 
7f897d682000-7f897d782000 rw-p 00000000 00:00 0 
7f897d782000-7f897d783000 ---p 00000000 00:00 0 
7f897d783000-7f897d883000 rw-p 00000000 00:00 0 
7f897d883000-7f897d884000 ---p 00000000 00:00 0 
7f897d884000-7f897d984000 rw-p 00000000 00:00 0 
7f897d984000-7f897d985000 ---p 00000000 00:00 0 
7f897d985000-7f897da85000 rw-p 00000000 00:00 0 
7f897da85000-7f897da86000 ---p 00000000 00:00 0 
7f897da86000-7f897db86000 rw-p 00000000 00:00 0 
7f897db86000-7f897db87000 ---p 00000000 00:00 0 
7f897db87000-7f897dc87000 rw-p 00000000 00:00 0 
7f897dc87000-7f897dc88000 ---p 00000000 00:00 0 
7f897dc88000-7f897dd88000 rw-p 00000000 00:00 0 
7f897dd88000-7f897dd89000 ---p 00000000 00:00 0 
7f897dd89000-7f897de89000 rw-p 00000000 00:00 0 
7f897de89000-7f897de8a000 ---p 00000000 00:00 0 
7f897de8a000-7f897df8a000 rw-p 00000000 00:00 0 
7f897df8a000-7f897df8b000 ---p 00000000 00:00 0 
7f897df8b000-7f897e08b000 rw-p 00000000 00:00 0 
7f897e08b000-7f897e08c000 ---p 00000000 00:00 0 
7f897e08c000-7f897e18c000 rw-p 00000000 00:00 0 
7f897e18c000-7f897e18d000 ---p 00000000 00:00 0 
7f897e18d000-7f897e28d000 rw-p 00000000 00:00 0 
7f897e28d000-7f897e28e000 ---p 00000000 00:00 0 
7f897e28e000-7f897e292000 ---p 00000000 00:00 0 
7f897e292000-7f897e38e000 rw-p 00000000 00:00 0 
7f897e38e000-7f897e38f000 ---p 00000000 00:00 0 
7f897e38f000-7f897e393000 ---p 00000000 00:00 0 
7f897e393000-7f897e48f000 rw-p 00000000 00:00 0 
7f897e48f000-7f897e490000 ---p 00000000 00:00 0 
7f897e490000-7f897e494000 ---p 00000000 00:00 0 
7f897e494000-7f897e590000 rw-p 00000000 00:00 0 
7f897e590000-7f897e591000 ---p 00000000 00:00 0 
7f897e591000-7f897e595000 ---p 00000000 00:00 0 
7f897e595000-7f897e691000 rw-p 00000000 00:00 0 
7f897e691000-7f897e692000 ---p 00000000 00:00 0 
7f897e692000-7f897e696000 ---p 00000000 00:00 0 
7f897e696000-7f897e792000 rw-p 00000000 00:00 0 
7f897e792000-7f897e793000 ---p 00000000 00:00 0 
7f897e793000-7f897e797000 ---p 00000000 00:00 0 
7f897e797000-7f897e893000 rw-p 00000000 00:00 0 
7f897e893000-7f897e894000 ---p 00000000 00:00 0 
7f897e894000-7f897e898000 ---p 00000000 00:00 0 
7f897e898000-7f897e994000 rw-p 00000000 00:00 0 
7f897e994000-7f897e995000 ---p 00000000 00:00 0 
7f897e995000-7f897e999000 ---p 00000000 00:00 0 
7f897e999000-7f897ea95000 rw-p 00000000 00:00 0 
7f897ea95000-7f897eaa8000 r--p 00000000 fe:03 62151090                   /usr/lib/jvm/java-21-openjdk-amd64/lib/libawt_xawt.so
7f897eaa8000-7f897eaef000 r-xp 00013000 fe:03 62151090                   /usr/lib/jvm/java-21-openjdk-amd64/lib/libawt_xawt.so
7f897eaef000-7f897eb07000 r--p 0005a000 fe:03 62151090                   /usr/lib/jvm/java-21-openjdk-amd64/lib/libawt_xawt.so
7f897eb07000-7f897eb0d000 r--p 00071000 fe:03 62151090                   /usr/lib/jvm/java-21-openjdk-amd64/lib/libawt_xawt.so
7f897eb0d000-7f897eb0f000 rw-p 00077000 fe:03 62151090                   /usr/lib/jvm/java-21-openjdk-amd64/lib/libawt_xawt.so
7f897eb0f000-7f897eb11000 rw-p 00000000 00:00 0 
7f897eb11000-7f897eb2f000 r--p 00000000 fe:03 62143654                   /usr/lib/jvm/java-21-openjdk-amd64/lib/libawt.so
7f897eb2f000-7f897ebbc000 r-xp 0001e000 fe:03 62143654                   /usr/lib/jvm/java-21-openjdk-amd64/lib/libawt.so
7f897ebbc000-7f897ebc9000 r--p 000ab000 fe:03 62143654                   /usr/lib/jvm/java-21-openjdk-amd64/lib/libawt.so
7f897ebc9000-7f897ebca000 r--p 000b7000 fe:03 62143654                   /usr/lib/jvm/java-21-openjdk-amd64/lib/libawt.so
7f897ebca000-7f897ebd5000 rw-p 000b8000 fe:03 62143654                   /usr/lib/jvm/java-21-openjdk-amd64/lib/libawt.so
7f897ebd5000-7f897ebfa000 rw-p 00000000 00:00 0 
7f897ebfa000-7f897ebfb000 ---p 00000000 00:00 0 
7f897ebfb000-7f897ebff000 ---p 00000000 00:00 0 
7f897ebff000-7f897ecfb000 rw-p 00000000 00:00 0 
7f897ecfb000-7f897ecfc000 ---p 00000000 00:00 0 
7f897ecfc000-7f897ed00000 ---p 00000000 00:00 0 
7f897ed00000-7f897edfc000 rw-p 00000000 00:00 0 
7f897edfc000-7f897edfd000 ---p 00000000 00:00 0 
7f897edfd000-7f897ee01000 ---p 00000000 00:00 0 
7f897ee01000-7f897eefd000 rw-p 00000000 00:00 0 
7f897eefd000-7f897eefe000 ---p 00000000 00:00 0 
7f897eefe000-7f897ef02000 ---p 00000000 00:00 0 
7f897ef02000-7f897effe000 rw-p 00000000 00:00 0 
7f897effe000-7f897efff000 ---p 00000000 00:00 0 
7f897efff000-7f897f7ff000 rw-p 00000000 00:00 0 
7f897f7ff000-7f897f800000 ---p 00000000 00:00 0 
7f897f800000-7f8980000000 rw-p 00000000 00:00 0 
7f8980000000-7f8980062000 rw-p 00000000 00:00 0 
7f8980062000-7f8984000000 ---p 00000000 00:00 0 
7f8984000000-7f898434c000 rw-p 00000000 00:00 0 
7f898434c000-7f8988000000 ---p 00000000 00:00 0 
7f8988000000-7f8988270000 rw-p 00000000 00:00 0 
7f8988270000-7f898c000000 ---p 00000000 00:00 0 
7f898c000000-7f898c103000 rw-p 00000000 00:00 0 
7f898c103000-7f8990000000 ---p 00000000 00:00 0 
7f8990000000-7f8990021000 rw-p 00000000 00:00 0 
7f8990021000-7f8994000000 ---p 00000000 00:00 0 
7f8994000000-7f8994237000 rw-p 00000000 00:00 0 
7f8994237000-7f8998000000 ---p 00000000 00:00 0 
7f8998000000-7f89982b0000 rw-p 00000000 00:00 0 
7f89982b0000-7f899c000000 ---p 00000000 00:00 0 
7f899c000000-7f899c021000 rw-p 00000000 00:00 0 
7f899c021000-7f89a0000000 ---p 00000000 00:00 0 
7f89a0000000-7f89a0021000 rw-p 00000000 00:00 0 
7f89a0021000-7f89a4000000 ---p 00000000 00:00 0 
7f89a4000000-7f89a4e7f000 rw-p 00000000 00:00 0 
7f89a4e7f000-7f89a8000000 ---p 00000000 00:00 0 
7f89a8000000-7f89a8021000 rw-p 00000000 00:00 0 
7f89a8021000-7f89ac000000 ---p 00000000 00:00 0 
7f89ac000000-7f89ac021000 rw-p 00000000 00:00 0 
7f89ac021000-7f89b0000000 ---p 00000000 00:00 0 
7f89b0000000-7f89b0021000 rw-p 00000000 00:00 0 
7f89b0021000-7f89b4000000 ---p 00000000 00:00 0 
7f89b4000000-7f89b4021000 rw-p 00000000 00:00 0 
7f89b4021000-7f89b8000000 ---p 00000000 00:00 0 
7f89b8000000-7f89b8023000 rw-p 00000000 00:00 0 
7f89b8023000-7f89bc000000 ---p 00000000 00:00 0 
7f89bc008000-7f89bc009000 rw-p 00000000 00:00 0 
7f89bc009000-7f89bc00a000 r-xp 00000000 fe:03 62538647                   /tmp/ffi8HAlXb (deleted)
7f89bc00a000-7f89bc00b000 rw-p 00000000 00:00 0 
7f89bc00b000-7f89bc01a000 r--p 00000000 fe:03 62030251                   /usr/share/glib-2.0/schemas/gschemas.compiled
7f89bc01a000-7f89bc01b000 ---p 00000000 00:00 0 
7f89bc01b000-7f89bc01f000 ---p 00000000 00:00 0 
7f89bc01f000-7f89bc03d000 rw-p 00000000 00:00 0 
7f89bc03d000-7f89bc03e000 ---p 00000000 00:00 0 
7f89bc03e000-7f89bc042000 ---p 00000000 00:00 0 
7f89bc042000-7f89bc060000 rw-p 00000000 00:00 0 
7f89bc060000-7f89bc061000 ---p 00000000 00:00 0 
7f89bc061000-7f89bc065000 ---p 00000000 00:00 0 
7f89bc065000-7f89bc161000 rw-p 00000000 00:00 0 
7f89bc161000-7f89bc162000 ---p 00000000 00:00 0 
7f89bc162000-7f89bc166000 ---p 00000000 00:00 0 
7f89bc166000-7f89bc262000 rw-p 00000000 00:00 0 
7f89bc262000-7f89bc263000 ---p 00000000 00:00 0 
7f89bc263000-7f89bc267000 ---p 00000000 00:00 0 
7f89bc267000-7f89bc363000 rw-p 00000000 00:00 0 
7f89bc363000-7f89bc364000 ---p 00000000 00:00 0 
7f89bc364000-7f89bc368000 ---p 00000000 00:00 0 
7f89bc368000-7f89bc464000 rw-p 00000000 00:00 0 
7f89bc464000-7f89bc4e4000 rw-s 00000000 00:01 12877844                   /SYSV00000000 (deleted)
7f89bc4e4000-7f89bc59d000 r--p 00000000 fe:03 62143009                   /usr/share/fonts/truetype/dejavu/DejaVuSans.ttf
7f89bc59d000-7f89bc59e000 r--p 00000000 fe:03 62031423                   /usr/lib/x86_64-linux-gnu/libicudata.so.70.1
7f89bc59e000-7f89bc59f000 r-xp 00001000 fe:03 62031423                   /usr/lib/x86_64-linux-gnu/libicudata.so.70.1
7f89bc59f000-7f89be1b9000 r--p 00002000 fe:03 62031423                   /usr/lib/x86_64-linux-gnu/libicudata.so.70.1
7f89be1b9000-7f89be1ba000 r--p 01c1b000 fe:03 62031423                   /usr/lib/x86_64-linux-gnu/libicudata.so.70.1
7f89be1ba000-7f89be1bb000 rw-p 01c1c000 fe:03 62031423                   /usr/lib/x86_64-linux-gnu/libicudata.so.70.1
7f89be1bb000-7f89be221000 r--p 00000000 fe:03 62031428                   /usr/lib/x86_64-linux-gnu/libicuuc.so.70.1
7f89be221000-7f89be314000 r-xp 00066000 fe:03 62031428                   /usr/lib/x86_64-linux-gnu/libicuuc.so.70.1
7f89be314000-7f89be3a0000 r--p 00159000 fe:03 62031428                   /usr/lib/x86_64-linux-gnu/libicuuc.so.70.1
7f89be3a0000-7f89be3b3000 r--p 001e4000 fe:03 62031428                   /usr/lib/x86_64-linux-gnu/libicuuc.so.70.1
7f89be3b3000-7f89be3b4000 rw-p 001f7000 fe:03 62031428                   /usr/lib/x86_64-linux-gnu/libicuuc.so.70.1
7f89be3b4000-7f89be3b6000 rw-p 00000000 00:00 0 
7f89be3b6000-7f89be3e5000 r--p 00000000 fe:03 62031488                   /usr/lib/x86_64-linux-gnu/libxml2.so.2.9.13
7f89be3e5000-7f89be538000 r-xp 0002f000 fe:03 62031488                   /usr/lib/x86_64-linux-gnu/libxml2.so.2.9.13
7f89be538000-7f89be58c000 r--p 00182000 fe:03 62031488                   /usr/lib/x86_64-linux-gnu/libxml2.so.2.9.13
7f89be58c000-7f89be58d000 ---p 001d6000 fe:03 62031488                   /usr/lib/x86_64-linux-gnu/libxml2.so.2.9.13
7f89be58d000-7f89be596000 r--p 001d6000 fe:03 62031488                   /usr/lib/x86_64-linux-gnu/libxml2.so.2.9.13
7f89be596000-7f89be597000 rw-p 001df000 fe:03 62031488                   /usr/lib/x86_64-linux-gnu/libxml2.so.2.9.13
7f89be597000-7f89be598000 rw-p 00000000 00:00 0 
7f89be598000-7f89be6b6000 r--p 00000000 fe:03 62035942                   /usr/lib/x86_64-linux-gnu/librsvg-2.so.2.48.0
7f89be6b6000-7f89bec39000 r-xp 0011e000 fe:03 62035942                   /usr/lib/x86_64-linux-gnu/librsvg-2.so.2.48.0
7f89bec39000-7f89bef2f000 r--p 006a1000 fe:03 62035942                   /usr/lib/x86_64-linux-gnu/librsvg-2.so.2.48.0
7f89bef2f000-7f89beffe000 r--p 00996000 fe:03 62035942                   /usr/lib/x86_64-linux-gnu/librsvg-2.so.2.48.0
7f89beffe000-7f89bf000000 rw-p 00a65000 fe:03 62035942                   /usr/lib/x86_64-linux-gnu/librsvg-2.so.2.48.0
7f89bf000000-7f89bf3f0000 rw-p 00000000 00:00 0 
7f89bf3f0000-7f89bf8f0000 rw-p 00000000 00:00 0 
7f89bf8f0000-7f89bf9b0000 rw-p 00000000 00:00 0 
7f89bf9b0000-7f89bf9f0000 rw-p 00000000 00:00 0 
7f89bf9f0000-7f89bfaf0000 rw-p 00000000 00:00 0 
7f89bfaf0000-7f89bfbf0000 rw-p 00000000 00:00 0 
7f89bfbf0000-7f89bfd60000 rw-p 00000000 00:00 0 
7f89bfd60000-7f89bfd80000 ---p 00000000 00:00 0 
7f89bfd80000-7f89bfda0000 rw-p 00000000 00:00 0 
7f89bfda0000-7f89c3000000 ---p 00000000 00:00 0 
7f89c3000000-7f89c3483000 rw-p 00001000 fe:03 62143690                   /usr/lib/jvm/java-21-openjdk-amd64/lib/server/classes.jsa
7f89c3483000-7f89c3ca0000 rw-p 00484000 fe:03 62143690                   /usr/lib/jvm/java-21-openjdk-amd64/lib/server/classes.jsa
7f89c3ca0000-7f89c4000000 ---p 00000000 00:00 0 
7f89c4000000-7f89c4030000 rw-p 00000000 00:00 0 
7f89c4030000-7f89c40d0000 rw-p 00000000 00:00 0 
7f89c40d0000-7f89c4130000 rw-p 00000000 00:00 0 
7f89c4130000-7f89c4160000 rw-p 00000000 00:00 0 
7f89c4160000-7f89c4180000 ---p 00000000 00:00 0 
7f89c4180000-7f89c41e0000 rw-p 00000000 00:00 0 
7f89c41e0000-7f8a04000000 ---p 00000000 00:00 0 
7f8a04000000-7f8a04021000 rw-p 00000000 00:00 0 
7f8a04021000-7f8a08000000 ---p 00000000 00:00 0 
7f8a08000000-7f8a08021000 rw-p 00000000 00:00 0 
7f8a08021000-7f8a0c000000 ---p 00000000 00:00 0 
7f8a0c000000-7f8a0c021000 rw-p 00000000 00:00 0 
7f8a0c021000-7f8a10000000 ---p 00000000 00:00 0 
7f8a10000000-7f8a1000d000 r--p 00000000 fe:03 62158929                   /usr/share/icons/Adwaita/icon-theme.cache
7f8a1000d000-7f8a10010000 r--p 00000000 fe:03 62143658                   /usr/lib/jvm/java-21-openjdk-amd64/lib/libfontmanager.so
7f8a10010000-7f8a10019000 r-xp 00003000 fe:03 62143658                   /usr/lib/jvm/java-21-openjdk-amd64/lib/libfontmanager.so
7f8a10019000-7f8a1001b000 r--p 0000c000 fe:03 62143658                   /usr/lib/jvm/java-21-openjdk-amd64/lib/libfontmanager.so
7f8a1001b000-7f8a1001c000 r--p 0000d000 fe:03 62143658                   /usr/lib/jvm/java-21-openjdk-amd64/lib/libfontmanager.so
7f8a1001c000-7f8a1001d000 rw-p 0000e000 fe:03 62143658                   /usr/lib/jvm/java-21-openjdk-amd64/lib/libfontmanager.so
7f8a1001d000-7f8a1001e000 ---p 00000000 00:00 0 
7f8a1001e000-7f8a10022000 ---p 00000000 00:00 0 
7f8a10022000-7f8a10041000 rw-p 00000000 00:00 0 
7f8a10041000-7f8a10043000 r--p 00000000 fe:03 62035652                   /usr/lib/x86_64-linux-gnu/libXtst.so.6.1.0
7f8a10043000-7f8a10046000 r-xp 00002000 fe:03 62035652                   /usr/lib/x86_64-linux-gnu/libXtst.so.6.1.0
7f8a10046000-7f8a10047000 r--p 00005000 fe:03 62035652                   /usr/lib/x86_64-linux-gnu/libXtst.so.6.1.0
7f8a10047000-7f8a10048000 r--p 00005000 fe:03 62035652                   /usr/lib/x86_64-linux-gnu/libXtst.so.6.1.0
7f8a10048000-7f8a10049000 rw-p 00006000 fe:03 62035652                   /usr/lib/x86_64-linux-gnu/libXtst.so.6.1.0
7f8a10049000-7f8a10102000 r--p 00000000 fe:03 62143009                   /usr/share/fonts/truetype/dejavu/DejaVuSans.ttf
7f8a10102000-7f8a1010e000 r--s 00000000 fe:03 62155939                   /var/cache/fontconfig/5a27481e-784b-4147-a9dc-920d52f780bf-le64.cache-7
7f8a1010e000-7f8a10131000 r--s 00000000 fe:03 62030236                   /usr/share/mime/mime.cache
7f8a10131000-7f8a10163000 rw-p 00000000 00:00 0 
7f8a10163000-7f8a10164000 r--p 00000000 fe:03 62538661                   /home/developer/.config/dconf/user
7f8a10164000-7f8a10165000 rw-p 00000000 00:00 0 
7f8a10165000-7f8a10166000 r--s 00000000 fe:03 62538656                   /home/developer/.cache/dconf/user
7f8a10166000-7f8a10167000 r--p 00000000 fe:03 62030209                   /usr/share/icons/hicolor/icon-theme.cache
7f8a10167000-7f8a10168000 rw-p 00000000 00:00 0 
7f8a10168000-7f8a10169000 r--p 00000000 fe:03 62143657                   /usr/lib/jvm/java-21-openjdk-amd64/lib/libextnet.so
7f8a10169000-7f8a1016a000 r-xp 00001000 fe:03 62143657                   /usr/lib/jvm/java-21-openjdk-amd64/lib/libextnet.so
7f8a1016a000-7f8a1016b000 r--p 00002000 fe:03 62143657                   /usr/lib/jvm/java-21-openjdk-amd64/lib/libextnet.so
7f8a1016b000-7f8a1016c000 r--p 00002000 fe:03 62143657                   /usr/lib/jvm/java-21-openjdk-amd64/lib/libextnet.so
7f8a1016c000-7f8a1016d000 rw-p 00003000 fe:03 62143657                   /usr/lib/jvm/java-21-openjdk-amd64/lib/libextnet.so
7f8a1016d000-7f8a1016e000 r--p 00000000 fe:03 62037367                   /usr/lib/x86_64-linux-gnu/gdk-pixbuf-2.0/2.10.0/loaders/libpixbufloader-svg.so
7f8a1016e000-7f8a1016f000 r-xp 00001000 fe:03 62037367                   /usr/lib/x86_64-linux-gnu/gdk-pixbuf-2.0/2.10.0/loaders/libpixbufloader-svg.so
7f8a1016f000-7f8a10170000 r--p 00002000 fe:03 62037367                   /usr/lib/x86_64-linux-gnu/gdk-pixbuf-2.0/2.10.0/loaders/libpixbufloader-svg.so
7f8a10170000-7f8a10171000 r--p 00002000 fe:03 62037367                   /usr/lib/x86_64-linux-gnu/gdk-pixbuf-2.0/2.10.0/loaders/libpixbufloader-svg.so
7f8a10171000-7f8a10172000 rw-p 00003000 fe:03 62037367                   /usr/lib/x86_64-linux-gnu/gdk-pixbuf-2.0/2.10.0/loaders/libpixbufloader-svg.so
7f8a10172000-7f8a10176000 r--p 00000000 fe:03 1878488                    /usr/lib/x86_64-linux-gnu/libgpg-error.so.0.32.1
7f8a10176000-7f8a1018c000 r-xp 00004000 fe:03 1878488                    /usr/lib/x86_64-linux-gnu/libgpg-error.so.0.32.1
7f8a1018c000-7f8a10196000 r--p 0001a000 fe:03 1878488                    /usr/lib/x86_64-linux-gnu/libgpg-error.so.0.32.1
7f8a10196000-7f8a10197000 r--p 00023000 fe:03 1878488                    /usr/lib/x86_64-linux-gnu/libgpg-error.so.0.32.1
7f8a10197000-7f8a10198000 rw-p 00024000 fe:03 1878488                    /usr/lib/x86_64-linux-gnu/libgpg-error.so.0.32.1
7f8a10198000-7f8a101a7000 r--p 00000000 fe:03 1878482                    /usr/lib/x86_64-linux-gnu/libgcrypt.so.20.3.4
7f8a101a7000-7f8a1028d000 r-xp 0000f000 fe:03 1878482                    /usr/lib/x86_64-linux-gnu/libgcrypt.so.20.3.4
7f8a1028d000-7f8a102cb000 r--p 000f5000 fe:03 1878482                    /usr/lib/x86_64-linux-gnu/libgcrypt.so.20.3.4
7f8a102cb000-7f8a102cc000 ---p 00133000 fe:03 1878482                    /usr/lib/x86_64-linux-gnu/libgcrypt.so.20.3.4
7f8a102cc000-7f8a102cf000 r--p 00133000 fe:03 1878482                    /usr/lib/x86_64-linux-gnu/libgcrypt.so.20.3.4
7f8a102cf000-7f8a102d5000 rw-p 00136000 fe:03 1878482                    /usr/lib/x86_64-linux-gnu/libgcrypt.so.20.3.4
7f8a102d5000-7f8a102d6000 rw-p 00000000 00:00 0 
7f8a102d6000-7f8a102d9000 r--p 00000000 fe:03 1878460                    /usr/lib/x86_64-linux-gnu/libcap.so.2.44
7f8a102d9000-7f8a102dd000 r-xp 00003000 fe:03 1878460                    /usr/lib/x86_64-linux-gnu/libcap.so.2.44
7f8a102dd000-7f8a102df000 r--p 00007000 fe:03 1878460                    /usr/lib/x86_64-linux-gnu/libcap.so.2.44
7f8a102df000-7f8a102e0000 r--p 00008000 fe:03 1878460                    /usr/lib/x86_64-linux-gnu/libcap.so.2.44
7f8a102e0000-7f8a102e1000 rw-p 00009000 fe:03 1878460                    /usr/lib/x86_64-linux-gnu/libcap.so.2.44
7f8a102e1000-7f8a102e3000 r--p 00000000 fe:03 1878504                    /usr/lib/x86_64-linux-gnu/liblz4.so.1.9.3
7f8a102e3000-7f8a102fc000 r-xp 00002000 fe:03 1878504                    /usr/lib/x86_64-linux-gnu/liblz4.so.1.9.3
7f8a102fc000-7f8a102fe000 r--p 0001b000 fe:03 1878504                    /usr/lib/x86_64-linux-gnu/liblz4.so.1.9.3
7f8a102fe000-7f8a102ff000 ---p 0001d000 fe:03 1878504                    /usr/lib/x86_64-linux-gnu/liblz4.so.1.9.3
7f8a102ff000-7f8a10300000 r--p 0001d000 fe:03 1878504                    /usr/lib/x86_64-linux-gnu/liblz4.so.1.9.3
7f8a10300000-7f8a10301000 rw-p 0001e000 fe:03 1878504                    /usr/lib/x86_64-linux-gnu/liblz4.so.1.9.3
7f8a10301000-7f8a1030b000 r--p 00000000 fe:03 1878588                    /usr/lib/x86_64-linux-gnu/libzstd.so.1.4.8
7f8a1030b000-7f8a103bd000 r-xp 0000a000 fe:03 1878588                    /usr/lib/x86_64-linux-gnu/libzstd.so.1.4.8
7f8a103bd000-7f8a103ce000 r--p 000bc000 fe:03 1878588                    /usr/lib/x86_64-linux-gnu/libzstd.so.1.4.8
7f8a103ce000-7f8a103cf000 r--p 000cc000 fe:03 1878588                    /usr/lib/x86_64-linux-gnu/libzstd.so.1.4.8
7f8a103cf000-7f8a103d0000 rw-p 000cd000 fe:03 1878588                    /usr/lib/x86_64-linux-gnu/libzstd.so.1.4.8
7f8a103d0000-7f8a103d3000 r--p 00000000 fe:03 1878506                    /usr/lib/x86_64-linux-gnu/liblzma.so.5.2.5
7f8a103d3000-7f8a103ee000 r-xp 00003000 fe:03 1878506                    /usr/lib/x86_64-linux-gnu/liblzma.so.5.2.5
7f8a103ee000-7f8a103f9000 r--p 0001e000 fe:03 1878506                    /usr/lib/x86_64-linux-gnu/liblzma.so.5.2.5
7f8a103f9000-7f8a103fa000 r--p 00028000 fe:03 1878506                    /usr/lib/x86_64-linux-gnu/liblzma.so.5.2.5
7f8a103fa000-7f8a103fb000 rw-p 00029000 fe:03 1878506                    /usr/lib/x86_64-linux-gnu/liblzma.so.5.2.5
7f8a103fb000-7f8a103fc000 r--p 00000000 fe:03 62035880                   /usr/lib/x86_64-linux-gnu/libbrotlicommon.so.1.0.9
7f8a103fc000-7f8a103fd000 r-xp 00001000 fe:03 62035880                   /usr/lib/x86_64-linux-gnu/libbrotlicommon.so.1.0.9
7f8a103fd000-7f8a1041c000 r--p 00002000 fe:03 62035880                   /usr/lib/x86_64-linux-gnu/libbrotlicommon.so.1.0.9
7f8a1041c000-7f8a1041d000 r--p 00020000 fe:03 62035880                   /usr/lib/x86_64-linux-gnu/libbrotlicommon.so.1.0.9
7f8a1041d000-7f8a1041e000 rw-p 00021000 fe:03 62035880                   /usr/lib/x86_64-linux-gnu/libbrotlicommon.so.1.0.9
7f8a1041e000-7f8a10420000 r--p 00000000 fe:03 62035872                   /usr/lib/x86_64-linux-gnu/libdatrie.so.1.4.0
7f8a10420000-7f8a10424000 r-xp 00002000 fe:03 62035872                   /usr/lib/x86_64-linux-gnu/libdatrie.so.1.4.0
7f8a10424000-7f8a10425000 r--p 00006000 fe:03 62035872                   /usr/lib/x86_64-linux-gnu/libdatrie.so.1.4.0
7f8a10425000-7f8a10426000 r--p 00007000 fe:03 62035872                   /usr/lib/x86_64-linux-gnu/libdatrie.so.1.4.0
7f8a10426000-7f8a10427000 rw-p 00008000 fe:03 62035872                   /usr/lib/x86_64-linux-gnu/libdatrie.so.1.4.0
7f8a10427000-7f8a10429000 r--p 00000000 fe:03 1878545                    /usr/lib/x86_64-linux-gnu/libpcre2-8.so.0.10.4
7f8a10429000-7f8a10494000 r-xp 00002000 fe:03 1878545                    /usr/lib/x86_64-linux-gnu/libpcre2-8.so.0.10.4
7f8a10494000-7f8a104bc000 r--p 0006d000 fe:03 1878545                    /usr/lib/x86_64-linux-gnu/libpcre2-8.so.0.10.4
7f8a104bc000-7f8a104bd000 r--p 00094000 fe:03 1878545                    /usr/lib/x86_64-linux-gnu/libpcre2-8.so.0.10.4
7f8a104bd000-7f8a104be000 rw-p 00095000 fe:03 1878545                    /usr/lib/x86_64-linux-gnu/libpcre2-8.so.0.10.4
7f8a104be000-7f8a104c5000 r--p 00000000 fe:03 1878451                    /usr/lib/x86_64-linux-gnu/libblkid.so.1.1.0
7f8a104c5000-7f8a104e5000 r-xp 00007000 fe:03 1878451                    /usr/lib/x86_64-linux-gnu/libblkid.so.1.1.0
7f8a104e5000-7f8a104ee000 r--p 00027000 fe:03 1878451                    /usr/lib/x86_64-linux-gnu/libblkid.so.1.1.0
7f8a104ee000-7f8a104ef000 ---p 00030000 fe:03 1878451                    /usr/lib/x86_64-linux-gnu/libblkid.so.1.1.0
7f8a104ef000-7f8a104f4000 r--p 00030000 fe:03 1878451                    /usr/lib/x86_64-linux-gnu/libblkid.so.1.1.0
7f8a104f4000-7f8a104f5000 rw-p 00035000 fe:03 1878451                    /usr/lib/x86_64-linux-gnu/libblkid.so.1.1.0
7f8a104f5000-7f8a10508000 r--p 00000000 fe:03 1878566                    /usr/lib/x86_64-linux-gnu/libsystemd.so.0.32.0
7f8a10508000-7f8a10587000 r-xp 00013000 fe:03 1878566                    /usr/lib/x86_64-linux-gnu/libsystemd.so.0.32.0
7f8a10587000-7f8a105b2000 r--p 00092000 fe:03 1878566                    /usr/lib/x86_64-linux-gnu/libsystemd.so.0.32.0
7f8a105b2000-7f8a105b3000 ---p 000bd000 fe:03 1878566                    /usr/lib/x86_64-linux-gnu/libsystemd.so.0.32.0
7f8a105b3000-7f8a105ba000 r--p 000bd000 fe:03 1878566                    /usr/lib/x86_64-linux-gnu/libsystemd.so.0.32.0
7f8a105ba000-7f8a105bb000 rw-p 000c4000 fe:03 1878566                    /usr/lib/x86_64-linux-gnu/libsystemd.so.0.32.0
7f8a105bb000-7f8a105bc000 rw-p 00000000 00:00 0 
7f8a105bc000-7f8a105bd000 r--p 00000000 fe:03 62035881                   /usr/lib/x86_64-linux-gnu/libbrotlidec.so.1.0.9
7f8a105bd000-7f8a105c5000 r-xp 00001000 fe:03 62035881                   /usr/lib/x86_64-linux-gnu/libbrotlidec.so.1.0.9
7f8a105c5000-7f8a105c8000 r--p 00009000 fe:03 62035881                   /usr/lib/x86_64-linux-gnu/libbrotlidec.so.1.0.9
7f8a105c8000-7f8a105c9000 r--p 0000b000 fe:03 62035881                   /usr/lib/x86_64-linux-gnu/libbrotlidec.so.1.0.9
7f8a105c9000-7f8a105ca000 rw-p 0000c000 fe:03 62035881                   /usr/lib/x86_64-linux-gnu/libbrotlidec.so.1.0.9
7f8a105ca000-7f8a105cc000 r--p 00000000 fe:03 1878582                    /usr/lib/x86_64-linux-gnu/libuuid.so.1.3.0
7f8a105cc000-7f8a105d0000 r-xp 00002000 fe:03 1878582                    /usr/lib/x86_64-linux-gnu/libuuid.so.1.3.0
7f8a105d0000-7f8a105d1000 r--p 00006000 fe:03 1878582                    /usr/lib/x86_64-linux-gnu/libuuid.so.1.3.0
7f8a105d1000-7f8a105d2000 r--p 00006000 fe:03 1878582                    /usr/lib/x86_64-linux-gnu/libuuid.so.1.3.0
7f8a105d2000-7f8a105d3000 rw-p 00007000 fe:03 1878582                    /usr/lib/x86_64-linux-gnu/libuuid.so.1.3.0
7f8a105d3000-7f8a105d7000 r--p 00000000 fe:03 62027296                   /usr/lib/x86_64-linux-gnu/libexpat.so.1.8.7
7f8a105d7000-7f8a105f6000 r-xp 00004000 fe:03 62027296                   /usr/lib/x86_64-linux-gnu/libexpat.so.1.8.7
7f8a105f6000-7f8a10600000 r--p 00023000 fe:03 62027296                   /usr/lib/x86_64-linux-gnu/libexpat.so.1.8.7
7f8a10600000-7f8a10601000 ---p 0002d000 fe:03 62027296                   /usr/lib/x86_64-linux-gnu/libexpat.so.1.8.7
7f8a10601000-7f8a10603000 r--p 0002d000 fe:03 62027296                   /usr/lib/x86_64-linux-gnu/libexpat.so.1.8.7
7f8a10603000-7f8a10604000 rw-p 0002f000 fe:03 62027296                   /usr/lib/x86_64-linux-gnu/libexpat.so.1.8.7
7f8a10604000-7f8a10607000 r--p 00000000 fe:03 62035938                   /usr/lib/x86_64-linux-gnu/libgraphite2.so.3.2.1
7f8a10607000-7f8a10624000 r-xp 00003000 fe:03 62035938                   /usr/lib/x86_64-linux-gnu/libgraphite2.so.3.2.1
7f8a10624000-7f8a10628000 r--p 00020000 fe:03 62035938                   /usr/lib/x86_64-linux-gnu/libgraphite2.so.3.2.1
7f8a10628000-7f8a1062a000 r--p 00023000 fe:03 62035938                   /usr/lib/x86_64-linux-gnu/libgraphite2.so.3.2.1
7f8a1062a000-7f8a1062b000 rw-p 00025000 fe:03 62035938                   /usr/lib/x86_64-linux-gnu/libgraphite2.so.3.2.1
7f8a1062b000-7f8a1062d000 r--p 00000000 fe:03 1878543                    /usr/lib/x86_64-linux-gnu/libpcre.so.3.13.3
7f8a1062d000-7f8a10682000 r-xp 00002000 fe:03 1878543                    /usr/lib/x86_64-linux-gnu/libpcre.so.3.13.3
7f8a10682000-7f8a1069f000 r--p 00057000 fe:03 1878543                    /usr/lib/x86_64-linux-gnu/libpcre.so.3.13.3
7f8a1069f000-7f8a106a0000 r--p 00073000 fe:03 1878543                    /usr/lib/x86_64-linux-gnu/libpcre.so.3.13.3
7f8a106a0000-7f8a106a1000 rw-p 00074000 fe:03 1878543                    /usr/lib/x86_64-linux-gnu/libpcre.so.3.13.3
7f8a106a1000-7f8a106a3000 r--p 00000000 fe:03 1878475                    /usr/lib/x86_64-linux-gnu/libffi.so.8.1.0
7f8a106a3000-7f8a106aa000 r-xp 00002000 fe:03 1878475                    /usr/lib/x86_64-linux-gnu/libffi.so.8.1.0
7f8a106aa000-7f8a106ab000 r--p 00009000 fe:03 1878475                    /usr/lib/x86_64-linux-gnu/libffi.so.8.1.0
7f8a106ab000-7f8a106ac000 ---p 0000a000 fe:03 1878475                    /usr/lib/x86_64-linux-gnu/libffi.so.8.1.0
7f8a106ac000-7f8a106ad000 r--p 0000a000 fe:03 1878475                    /usr/lib/x86_64-linux-gnu/libffi.so.8.1.0
7f8a106ad000-7f8a106ae000 rw-p 0000b000 fe:03 1878475                    /usr/lib/x86_64-linux-gnu/libffi.so.8.1.0
7f8a106ae000-7f8a106b0000 r--p 00000000 fe:03 62035888                   /usr/lib/x86_64-linux-gnu/libthai.so.0.3.1
7f8a106b0000-7f8a106b4000 r-xp 00002000 fe:03 62035888                   /usr/lib/x86_64-linux-gnu/libthai.so.0.3.1
7f8a106b4000-7f8a106b7000 r--p 00006000 fe:03 62035888                   /usr/lib/x86_64-linux-gnu/libthai.so.0.3.1
7f8a106b7000-7f8a106b8000 r--p 00008000 fe:03 62035888                   /usr/lib/x86_64-linux-gnu/libthai.so.0.3.1
7f8a106b8000-7f8a106b9000 rw-p 00009000 fe:03 62035888                   /usr/lib/x86_64-linux-gnu/libthai.so.0.3.1
7f8a106b9000-7f8a106bf000 r--p 00000000 fe:03 1878555                    /usr/lib/x86_64-linux-gnu/libselinux.so.1
7f8a106bf000-7f8a106d9000 r-xp 00006000 fe:03 1878555                    /usr/lib/x86_64-linux-gnu/libselinux.so.1
7f8a106d9000-7f8a106e0000 r--p 00020000 fe:03 1878555                    /usr/lib/x86_64-linux-gnu/libselinux.so.1
7f8a106e0000-7f8a106e1000 ---p 00027000 fe:03 1878555                    /usr/lib/x86_64-linux-gnu/libselinux.so.1
7f8a106e1000-7f8a106e2000 r--p 00027000 fe:03 1878555                    /usr/lib/x86_64-linux-gnu/libselinux.so.1
7f8a106e2000-7f8a106e3000 rw-p 00028000 fe:03 1878555                    /usr/lib/x86_64-linux-gnu/libselinux.so.1
7f8a106e3000-7f8a106e5000 rw-p 00000000 00:00 0 
7f8a106e5000-7f8a106ed000 r--p 00000000 fe:03 1878514                    /usr/lib/x86_64-linux-gnu/libmount.so.1.1.0
7f8a106ed000-7f8a10719000 r-xp 00008000 fe:03 1878514                    /usr/lib/x86_64-linux-gnu/libmount.so.1.1.0
7f8a10719000-7f8a10726000 r--p 00034000 fe:03 1878514                    /usr/lib/x86_64-linux-gnu/libmount.so.1.1.0
7f8a10726000-7f8a10727000 ---p 00041000 fe:03 1878514                    /usr/lib/x86_64-linux-gnu/libmount.so.1.1.0
7f8a10727000-7f8a10728000 r--p 00041000 fe:03 1878514                    /usr/lib/x86_64-linux-gnu/libmount.so.1.1.0
7f8a10728000-7f8a10729000 rw-p 00042000 fe:03 1878514                    /usr/lib/x86_64-linux-gnu/libmount.so.1.1.0
7f8a10729000-7f8a10738000 r--p 00000000 fe:03 62035633                   /usr/lib/x86_64-linux-gnu/libatspi.so.0.0.1
7f8a10738000-7f8a10751000 r-xp 0000f000 fe:03 62035633                   /usr/lib/x86_64-linux-gnu/libatspi.so.0.0.1
7f8a10751000-7f8a1075f000 r--p 00028000 fe:03 62035633                   /usr/lib/x86_64-linux-gnu/libatspi.so.0.0.1
7f8a1075f000-7f8a10762000 r--p 00035000 fe:03 62035633                   /usr/lib/x86_64-linux-gnu/libatspi.so.0.0.1
7f8a10762000-7f8a10763000 rw-p 00038000 fe:03 62035633                   /usr/lib/x86_64-linux-gnu/libatspi.so.0.0.1
7f8a10763000-7f8a1076e000 r--p 00000000 fe:03 62030942                   /usr/lib/x86_64-linux-gnu/libdbus-1.so.3.19.13
7f8a1076e000-7f8a1079c000 r-xp 0000b000 fe:03 62030942                   /usr/lib/x86_64-linux-gnu/libdbus-1.so.3.19.13
7f8a1079c000-7f8a107ae000 r--p 00039000 fe:03 62030942                   /usr/lib/x86_64-linux-gnu/libdbus-1.so.3.19.13
7f8a107ae000-7f8a107af000 ---p 0004b000 fe:03 62030942                   /usr/lib/x86_64-linux-gnu/libdbus-1.so.3.19.13
7f8a107af000-7f8a107b0000 r--p 0004b000 fe:03 62030942                   /usr/lib/x86_64-linux-gnu/libdbus-1.so.3.19.13
7f8a107b0000-7f8a107b1000 rw-p 0004c000 fe:03 62030942                   /usr/lib/x86_64-linux-gnu/libdbus-1.so.3.19.13
7f8a107b1000-7f8a107b5000 r--p 00000000 fe:03 62033119                   /usr/lib/x86_64-linux-gnu/libjpeg.so.8.2.2
7f8a107b5000-7f8a107fe000 r-xp 00004000 fe:03 62033119                   /usr/lib/x86_64-linux-gnu/libjpeg.so.8.2.2
7f8a107fe000-7f8a10830000 r--p 0004d000 fe:03 62033119                   /usr/lib/x86_64-linux-gnu/libjpeg.so.8.2.2
7f8a10830000-7f8a10831000 r--p 0007e000 fe:03 62033119                   /usr/lib/x86_64-linux-gnu/libjpeg.so.8.2.2
7f8a10831000-7f8a10832000 rw-p 0007f000 fe:03 62033119                   /usr/lib/x86_64-linux-gnu/libjpeg.so.8.2.2
7f8a10832000-7f8a10834000 r--p 00000000 fe:03 62035663                   /usr/lib/x86_64-linux-gnu/libXrender.so.1.3.0
7f8a10834000-7f8a1083b000 r-xp 00002000 fe:03 62035663                   /usr/lib/x86_64-linux-gnu/libXrender.so.1.3.0
7f8a1083b000-7f8a1083d000 r--p 00009000 fe:03 62035663                   /usr/lib/x86_64-linux-gnu/libXrender.so.1.3.0
7f8a1083d000-7f8a1083e000 r--p 0000a000 fe:03 62035663                   /usr/lib/x86_64-linux-gnu/libXrender.so.1.3.0
7f8a1083e000-7f8a1083f000 rw-p 0000b000 fe:03 62035663                   /usr/lib/x86_64-linux-gnu/libXrender.so.1.3.0
7f8a1083f000-7f8a10844000 r--p 00000000 fe:03 62035601                   /usr/lib/x86_64-linux-gnu/libxcb-render.so.0.0.0
7f8a10844000-7f8a10849000 r-xp 00005000 fe:03 62035601                   /usr/lib/x86_64-linux-gnu/libxcb-render.so.0.0.0
7f8a10849000-7f8a1084b000 r--p 0000a000 fe:03 62035601                   /usr/lib/x86_64-linux-gnu/libxcb-render.so.0.0.0
7f8a1084b000-7f8a1084c000 ---p 0000c000 fe:03 62035601                   /usr/lib/x86_64-linux-gnu/libxcb-render.so.0.0.0
7f8a1084c000-7f8a1084d000 r--p 0000c000 fe:03 62035601                   /usr/lib/x86_64-linux-gnu/libxcb-render.so.0.0.0
7f8a1084d000-7f8a1084e000 rw-p 0000d000 fe:03 62035601                   /usr/lib/x86_64-linux-gnu/libxcb-render.so.0.0.0
7f8a1084e000-7f8a1084f000 r--p 00000000 fe:03 62035630                   /usr/lib/x86_64-linux-gnu/libxcb-shm.so.0.0.0
7f8a1084f000-7f8a10850000 r-xp 00001000 fe:03 62035630                   /usr/lib/x86_64-linux-gnu/libxcb-shm.so.0.0.0
7f8a10850000-7f8a10851000 r--p 00002000 fe:03 62035630                   /usr/lib/x86_64-linux-gnu/libxcb-shm.so.0.0.0
7f8a10851000-7f8a10852000 r--p 00002000 fe:03 62035630                   /usr/lib/x86_64-linux-gnu/libxcb-shm.so.0.0.0
7f8a10852000-7f8a10853000 rw-p 00003000 fe:03 62035630                   /usr/lib/x86_64-linux-gnu/libxcb-shm.so.0.0.0
7f8a10853000-7f8a10858000 r--p 00000000 fe:03 62032237                   /usr/lib/x86_64-linux-gnu/libpng16.so.16.37.0
7f8a10858000-7f8a10881000 r-xp 00005000 fe:03 62032237                   /usr/lib/x86_64-linux-gnu/libpng16.so.16.37.0
7f8a10881000-7f8a1088c000 r--p 0002e000 fe:03 62032237                   /usr/lib/x86_64-linux-gnu/libpng16.so.16.37.0
7f8a1088c000-7f8a1088d000 r--p 00038000 fe:03 62032237                   /usr/lib/x86_64-linux-gnu/libpng16.so.16.37.0
7f8a1088d000-7f8a1088e000 rw-p 00039000 fe:03 62032237                   /usr/lib/x86_64-linux-gnu/libpng16.so.16.37.0
7f8a1088e000-7f8a1089b000 r--p 00000000 fe:03 62035891                   /usr/lib/x86_64-linux-gnu/libfreetype.so.6.18.1
7f8a1089b000-7f8a10924000 r-xp 0000d000 fe:03 62035891                   /usr/lib/x86_64-linux-gnu/libfreetype.so.6.18.1
7f8a10924000-7f8a1094d000 r--p 00096000 fe:03 62035891                   /usr/lib/x86_64-linux-gnu/libfreetype.so.6.18.1
7f8a1094d000-7f8a1094e000 ---p 000bf000 fe:03 62035891                   /usr/lib/x86_64-linux-gnu/libfreetype.so.6.18.1
7f8a1094e000-7f8a10955000 r--p 000bf000 fe:03 62035891                   /usr/lib/x86_64-linux-gnu/libfreetype.so.6.18.1
7f8a10955000-7f8a10956000 rw-p 000c6000 fe:03 62035891                   /usr/lib/x86_64-linux-gnu/libfreetype.so.6.18.1
7f8a10956000-7f8a10960000 r--p 00000000 fe:03 62035579                   /usr/lib/x86_64-linux-gnu/libpixman-1.so.0.40.0
7f8a10960000-7f8a109e6000 r-xp 0000a000 fe:03 62035579                   /usr/lib/x86_64-linux-gnu/libpixman-1.so.0.40.0
7f8a109e6000-7f8a109f8000 r--p 00090000 fe:03 62035579                   /usr/lib/x86_64-linux-gnu/libpixman-1.so.0.40.0
7f8a109f8000-7f8a10a00000 r--p 000a1000 fe:03 62035579                   /usr/lib/x86_64-linux-gnu/libpixman-1.so.0.40.0
7f8a10a00000-7f8a10a01000 rw-p 000a9000 fe:03 62035579                   /usr/lib/x86_64-linux-gnu/libpixman-1.so.0.40.0
7f8a10a01000-7f8a10a05000 r--p 00000000 fe:03 62032602                   /usr/lib/x86_64-linux-gnu/libXext.so.6.4.0
7f8a10a05000-7f8a10a10000 r-xp 00004000 fe:03 62032602                   /usr/lib/x86_64-linux-gnu/libXext.so.6.4.0
7f8a10a10000-7f8a10a14000 r--p 0000f000 fe:03 62032602                   /usr/lib/x86_64-linux-gnu/libXext.so.6.4.0
7f8a10a14000-7f8a10a15000 r--p 00012000 fe:03 62032602                   /usr/lib/x86_64-linux-gnu/libXext.so.6.4.0
7f8a10a15000-7f8a10a16000 rw-p 00013000 fe:03 62032602                   /usr/lib/x86_64-linux-gnu/libXext.so.6.4.0
7f8a10a16000-7f8a10a1b000 r--p 00000000 fe:03 62036352                   /usr/lib/x86_64-linux-gnu/libwayland-client.so.0.20.0
7f8a10a1b000-7f8a10a21000 r-xp 00005000 fe:03 62036352                   /usr/lib/x86_64-linux-gnu/libwayland-client.so.0.20.0
7f8a10a21000-7f8a10a23000 r--p 0000b000 fe:03 62036352                   /usr/lib/x86_64-linux-gnu/libwayland-client.so.0.20.0
7f8a10a23000-7f8a10a24000 ---p 0000d000 fe:03 62036352                   /usr/lib/x86_64-linux-gnu/libwayland-client.so.0.20.0
7f8a10a24000-7f8a10a26000 r--p 0000d000 fe:03 62036352                   /usr/lib/x86_64-linux-gnu/libwayland-client.so.0.20.0
7f8a10a26000-7f8a10a27000 rw-p 0000f000 fe:03 62036352                   /usr/lib/x86_64-linux-gnu/libwayland-client.so.0.20.0
7f8a10a27000-7f8a10a28000 r--p 00000000 fe:03 62036407                   /usr/lib/x86_64-linux-gnu/libwayland-egl.so.1.20.0
7f8a10a28000-7f8a10a29000 r-xp 00001000 fe:03 62036407                   /usr/lib/x86_64-linux-gnu/libwayland-egl.so.1.20.0
7f8a10a29000-7f8a10a2a000 r--p 00002000 fe:03 62036407                   /usr/lib/x86_64-linux-gnu/libwayland-egl.so.1.20.0
7f8a10a2a000-7f8a10a2b000 r--p 00002000 fe:03 62036407                   /usr/lib/x86_64-linux-gnu/libwayland-egl.so.1.20.0
7f8a10a2b000-7f8a10a2c000 rw-p 00003000 fe:03 62036407                   /usr/lib/x86_64-linux-gnu/libwayland-egl.so.1.20.0
7f8a10a2c000-7f8a10a2e000 r--p 00000000 fe:03 62036401                   /usr/lib/x86_64-linux-gnu/libwayland-cursor.so.0.20.0
7f8a10a2e000-7f8a10a30000 r-xp 00002000 fe:03 62036401                   /usr/lib/x86_64-linux-gnu/libwayland-cursor.so.0.20.0
7f8a10a30000-7f8a10a31000 r--p 00004000 fe:03 62036401                   /usr/lib/x86_64-linux-gnu/libwayland-cursor.so.0.20.0
7f8a10a31000-7f8a10a32000 r--p 00004000 fe:03 62036401                   /usr/lib/x86_64-linux-gnu/libwayland-cursor.so.0.20.0
7f8a10a32000-7f8a10a36000 rw-p 00005000 fe:03 62036401                   /usr/lib/x86_64-linux-gnu/libwayland-cursor.so.0.20.0
7f8a10a36000-7f8a10a3a000 r--p 00000000 fe:03 62036425                   /usr/lib/x86_64-linux-gnu/libxkbcommon.so.0.0.0
7f8a10a3a000-7f8a10a59000 r-xp 00004000 fe:03 62036425                   /usr/lib/x86_64-linux-gnu/libxkbcommon.so.0.0.0
7f8a10a59000-7f8a10a7a000 r--p 00023000 fe:03 62036425                   /usr/lib/x86_64-linux-gnu/libxkbcommon.so.0.0.0
7f8a10a7a000-7f8a10a7c000 r--p 00043000 fe:03 62036425                   /usr/lib/x86_64-linux-gnu/libxkbcommon.so.0.0.0
7f8a10a7c000-7f8a10a7d000 rw-p 00045000 fe:03 62036425                   /usr/lib/x86_64-linux-gnu/libxkbcommon.so.0.0.0
7f8a10a7d000-7f8a10a84000 r--p 00000000 fe:03 62035905                   /usr/lib/x86_64-linux-gnu/libfontconfig.so.1.12.0
7f8a10a84000-7f8a10aad000 r-xp 00007000 fe:03 62035905                   /usr/lib/x86_64-linux-gnu/libfontconfig.so.1.12.0
7f8a10aad000-7f8a10ac3000 r--p 00030000 fe:03 62035905                   /usr/lib/x86_64-linux-gnu/libfontconfig.so.1.12.0
7f8a10ac3000-7f8a10ac4000 ---p 00046000 fe:03 62035905                   /usr/lib/x86_64-linux-gnu/libfontconfig.so.1.12.0
7f8a10ac4000-7f8a10ac6000 r--p 00046000 fe:03 62035905                   /usr/lib/x86_64-linux-gnu/libfontconfig.so.1.12.0
7f8a10ac6000-7f8a10ac7000 rw-p 00048000 fe:03 62035905                   /usr/lib/x86_64-linux-gnu/libfontconfig.so.1.12.0
7f8a10ac7000-7f8a10ad0000 r--p 00000000 fe:03 62035945                   /usr/lib/x86_64-linux-gnu/libharfbuzz.so.0.20704.0
7f8a10ad0000-7f8a10b61000 r-xp 00009000 fe:03 62035945                   /usr/lib/x86_64-linux-gnu/libharfbuzz.so.0.20704.0
7f8a10b61000-7f8a10b93000 r--p 0009a000 fe:03 62035945                   /usr/lib/x86_64-linux-gnu/libharfbuzz.so.0.20704.0
7f8a10b93000-7f8a10b94000 ---p 000cc000 fe:03 62035945                   /usr/lib/x86_64-linux-gnu/libharfbuzz.so.0.20704.0
7f8a10b94000-7f8a10b95000 r--p 000cc000 fe:03 62035945                   /usr/lib/x86_64-linux-gnu/libharfbuzz.so.0.20704.0
7f8a10b95000-7f8a10b96000 rw-p 000cd000 fe:03 62035945                   /usr/lib/x86_64-linux-gnu/libharfbuzz.so.0.20704.0
7f8a10b96000-7f8a10bb3000 r--p 00000000 fe:03 62031016                   /usr/lib/x86_64-linux-gnu/libglib-2.0.so.0.7200.4
7f8a10bb3000-7f8a10c42000 r-xp 0001d000 fe:03 62031016                   /usr/lib/x86_64-linux-gnu/libglib-2.0.so.0.7200.4
7f8a10c42000-7f8a10ccc000 r--p 000ac000 fe:03 62031016                   /usr/lib/x86_64-linux-gnu/libglib-2.0.so.0.7200.4
7f8a10ccc000-7f8a10ccd000 ---p 00136000 fe:03 62031016                   /usr/lib/x86_64-linux-gnu/libglib-2.0.so.0.7200.4
7f8a10ccd000-7f8a10cce000 r--p 00136000 fe:03 62031016                   /usr/lib/x86_64-linux-gnu/libglib-2.0.so.0.7200.4
7f8a10cce000-7f8a10ccf000 rw-p 00137000 fe:03 62031016                   /usr/lib/x86_64-linux-gnu/libglib-2.0.so.0.7200.4
7f8a10ccf000-7f8a10cd0000 rw-p 00000000 00:00 0 
7f8a10cd0000-7f8a10cdf000 r--p 00000000 fe:03 62031018                   /usr/lib/x86_64-linux-gnu/libgobject-2.0.so.0.7200.4
7f8a10cdf000-7f8a10d12000 r-xp 0000f000 fe:03 62031018                   /usr/lib/x86_64-linux-gnu/libgobject-2.0.so.0.7200.4
7f8a10d12000-7f8a10d2c000 r--p 00042000 fe:03 62031018                   /usr/lib/x86_64-linux-gnu/libgobject-2.0.so.0.7200.4
7f8a10d2c000-7f8a10d2f000 r--p 0005b000 fe:03 62031018                   /usr/lib/x86_64-linux-gnu/libgobject-2.0.so.0.7200.4
7f8a10d2f000-7f8a10d30000 rw-p 0005e000 fe:03 62031018                   /usr/lib/x86_64-linux-gnu/libgobject-2.0.so.0.7200.4
7f8a10d30000-7f8a10d42000 r--p 00000000 fe:03 62035898                   /usr/lib/x86_64-linux-gnu/libpango-1.0.so.0.5000.6
7f8a10d42000-7f8a10d77000 r-xp 00012000 fe:03 62035898                   /usr/lib/x86_64-linux-gnu/libpango-1.0.so.0.5000.6
7f8a10d77000-7f8a10d92000 r--p 00047000 fe:03 62035898                   /usr/lib/x86_64-linux-gnu/libpango-1.0.so.0.5000.6
7f8a10d92000-7f8a10d96000 r--p 00061000 fe:03 62035898                   /usr/lib/x86_64-linux-gnu/libpango-1.0.so.0.5000.6
7f8a10d96000-7f8a10d97000 rw-p 00065000 fe:03 62035898                   /usr/lib/x86_64-linux-gnu/libpango-1.0.so.0.5000.6
7f8a10d97000-7f8a10dcf000 r--p 00000000 fe:03 62031015                   /usr/lib/x86_64-linux-gnu/libgio-2.0.so.0.7200.4
7f8a10dcf000-7f8a10ee1000 r-xp 00038000 fe:03 62031015                   /usr/lib/x86_64-linux-gnu/libgio-2.0.so.0.7200.4
7f8a10ee1000-7f8a10f67000 r--p 0014a000 fe:03 62031015                   /usr/lib/x86_64-linux-gnu/libgio-2.0.so.0.7200.4
7f8a10f67000-7f8a10f6f000 r--p 001cf000 fe:03 62031015                   /usr/lib/x86_64-linux-gnu/libgio-2.0.so.0.7200.4
7f8a10f6f000-7f8a10f70000 rw-p 001d7000 fe:03 62031015                   /usr/lib/x86_64-linux-gnu/libgio-2.0.so.0.7200.4
7f8a10f70000-7f8a10f72000 rw-p 00000000 00:00 0 
7f8a10f72000-7f8a10fd2000 r--p 00000000 fe:03 62036576                   /usr/lib/x86_64-linux-gnu/libepoxy.so.0.0.0
7f8a10fd2000-7f8a1103b000 r-xp 00060000 fe:03 62036576                   /usr/lib/x86_64-linux-gnu/libepoxy.so.0.0.0
7f8a1103b000-7f8a11098000 r--p 000c9000 fe:03 62036576                   /usr/lib/x86_64-linux-gnu/libepoxy.so.0.0.0
7f8a11098000-7f8a110a0000 r--p 00125000 fe:03 62036576                   /usr/lib/x86_64-linux-gnu/libepoxy.so.0.0.0
7f8a110a0000-7f8a110a7000 rw-p 0012d000 fe:03 62036576                   /usr/lib/x86_64-linux-gnu/libepoxy.so.0.0.0
7f8a110a7000-7f8a110b9000 r--p 00000000 fe:03 62035681                   /usr/lib/x86_64-linux-gnu/libcairo.so.2.11600.0
7f8a110b9000-7f8a1118c000 r-xp 00012000 fe:03 62035681                   /usr/lib/x86_64-linux-gnu/libcairo.so.2.11600.0
7f8a1118c000-7f8a111c9000 r--p 000e5000 fe:03 62035681                   /usr/lib/x86_64-linux-gnu/libcairo.so.2.11600.0
7f8a111c9000-7f8a111cd000 r--p 00121000 fe:03 62035681                   /usr/lib/x86_64-linux-gnu/libcairo.so.2.11600.0
7f8a111cd000-7f8a111ce000 rw-p 00125000 fe:03 62035681                   /usr/lib/x86_64-linux-gnu/libcairo.so.2.11600.0
7f8a111ce000-7f8a111cf000 rw-p 00000000 00:00 0 
7f8a111cf000-7f8a111fa000 r--p 00000000 fe:03 62036602                   /usr/lib/x86_64-linux-gnu/libgdk-3.so.0.2404.29
7f8a111fa000-7f8a1127d000 r-xp 0002b000 fe:03 62036602                   /usr/lib/x86_64-linux-gnu/libgdk-3.so.0.2404.29
7f8a1127d000-7f8a112ca000 r--p 000ae000 fe:03 62036602                   /usr/lib/x86_64-linux-gnu/libgdk-3.so.0.2404.29
7f8a112ca000-7f8a112d3000 r--p 000fa000 fe:03 62036602                   /usr/lib/x86_64-linux-gnu/libgdk-3.so.0.2404.29
7f8a112d3000-7f8a112d5000 rw-p 00103000 fe:03 62036602                   /usr/lib/x86_64-linux-gnu/libgdk-3.so.0.2404.29
7f8a112d5000-7f8a112d6000 rw-p 00000000 00:00 0 
7f8a112d6000-7f8a1135a000 r--p 00000000 fe:03 62036603                   /usr/lib/x86_64-linux-gnu/libgtk-3.so.0.2404.29
7f8a1135a000-7f8a116dd000 r-xp 00084000 fe:03 62036603                   /usr/lib/x86_64-linux-gnu/libgtk-3.so.0.2404.29
7f8a116dd000-7f8a11ae8000 r--p 00407000 fe:03 62036603                   /usr/lib/x86_64-linux-gnu/libgtk-3.so.0.2404.29
7f8a11ae8000-7f8a11af8000 r--p 00811000 fe:03 62036603                   /usr/lib/x86_64-linux-gnu/libgtk-3.so.0.2404.29
7f8a11af8000-7f8a11afa000 rw-p 00821000 fe:03 62036603                   /usr/lib/x86_64-linux-gnu/libgtk-3.so.0.2404.29
7f8a11afa000-7f8a11aff000 rw-p 00000000 00:00 0 
7f8a11aff000-7f8a11b00000 ---p 00000000 00:00 0 
7f8a11b00000-7f8a11b04000 ---p 00000000 00:00 0 
7f8a11b04000-7f8a11c00000 rw-p 00000000 00:00 0 
7f8a11c00000-7f8a11c1e000 r-xp 00000000 fe:03 62538638                   /home/developer/.cache/JNA/temp/jna9249858599706224875.tmp (deleted)
7f8a11c1e000-7f8a11e1d000 ---p 0001e000 fe:03 62538638                   /home/developer/.cache/JNA/temp/jna9249858599706224875.tmp (deleted)
7f8a11e1d000-7f8a11e1e000 rw-p 0001d000 fe:03 62538638                   /home/developer/.cache/JNA/temp/jna9249858599706224875.tmp (deleted)
7f8a11e1e000-7f8a11e20000 rw-p 00000000 00:00 0 
7f8a11e20000-7f8a11e21000 r--p 00000000 fe:03 62036588                   /usr/lib/x86_64-linux-gnu/libXdamage.so.1.1.0
7f8a11e21000-7f8a11e22000 r-xp 00001000 fe:03 62036588                   /usr/lib/x86_64-linux-gnu/libXdamage.so.1.1.0
7f8a11e22000-7f8a11e23000 r--p 00002000 fe:03 62036588                   /usr/lib/x86_64-linux-gnu/libXdamage.so.1.1.0
7f8a11e23000-7f8a11e24000 r--p 00002000 fe:03 62036588                   /usr/lib/x86_64-linux-gnu/libXdamage.so.1.1.0
7f8a11e24000-7f8a11e25000 rw-p 00003000 fe:03 62036588                   /usr/lib/x86_64-linux-gnu/libXdamage.so.1.1.0
7f8a11e25000-7f8a11e26000 r--p 00000000 fe:03 62036582                   /usr/lib/x86_64-linux-gnu/libXcomposite.so.1.0.0
7f8a11e26000-7f8a11e27000 r-xp 00001000 fe:03 62036582                   /usr/lib/x86_64-linux-gnu/libXcomposite.so.1.0.0
7f8a11e27000-7f8a11e28000 r--p 00002000 fe:03 62036582                   /usr/lib/x86_64-linux-gnu/libXcomposite.so.1.0.0
7f8a11e28000-7f8a11e29000 r--p 00002000 fe:03 62036582                   /usr/lib/x86_64-linux-gnu/libXcomposite.so.1.0.0
7f8a11e29000-7f8a11e2a000 rw-p 00003000 fe:03 62036582                   /usr/lib/x86_64-linux-gnu/libXcomposite.so.1.0.0
7f8a11e2a000-7f8a11e2c000 r--p 00000000 fe:03 62036413                   /usr/lib/x86_64-linux-gnu/libXcursor.so.1.0.2
7f8a11e2c000-7f8a11e32000 r-xp 00002000 fe:03 62036413                   /usr/lib/x86_64-linux-gnu/libXcursor.so.1.0.2
7f8a11e32000-7f8a11e34000 r--p 00008000 fe:03 62036413                   /usr/lib/x86_64-linux-gnu/libXcursor.so.1.0.2
7f8a11e34000-7f8a11e35000 r--p 00009000 fe:03 62036413                   /usr/lib/x86_64-linux-gnu/libXcursor.so.1.0.2
7f8a11e35000-7f8a11e36000 rw-p 0000a000 fe:03 62036413                   /usr/lib/x86_64-linux-gnu/libXcursor.so.1.0.2
7f8a11e36000-7f8a11e38000 r--p 00000000 fe:03 62036431                   /usr/lib/x86_64-linux-gnu/libXrandr.so.2.2.0
7f8a11e38000-7f8a11e3f000 r-xp 00002000 fe:03 62036431                   /usr/lib/x86_64-linux-gnu/libXrandr.so.2.2.0
7f8a11e3f000-7f8a11e41000 r--p 00009000 fe:03 62036431                   /usr/lib/x86_64-linux-gnu/libXrandr.so.2.2.0
7f8a11e41000-7f8a11e42000 r--p 0000a000 fe:03 62036431                   /usr/lib/x86_64-linux-gnu/libXrandr.so.2.2.0
7f8a11e42000-7f8a11e43000 rw-p 0000b000 fe:03 62036431                   /usr/lib/x86_64-linux-gnu/libXrandr.so.2.2.0
7f8a11e43000-7f8a11e4a000 r--p 00000000 fe:03 62035908                   /usr/lib/x86_64-linux-gnu/libpangoft2-1.0.so.0.5000.6
7f8a11e4a000-7f8a11e57000 r-xp 00007000 fe:03 62035908                   /usr/lib/x86_64-linux-gnu/libpangoft2-1.0.so.0.5000.6
7f8a11e57000-7f8a11e5b000 r--p 00014000 fe:03 62035908                   /usr/lib/x86_64-linux-gnu/libpangoft2-1.0.so.0.5000.6
7f8a11e5b000-7f8a11e5c000 ---p 00018000 fe:03 62035908                   /usr/lib/x86_64-linux-gnu/libpangoft2-1.0.so.0.5000.6
7f8a11e5c000-7f8a11e5d000 r--p 00018000 fe:03 62035908                   /usr/lib/x86_64-linux-gnu/libpangoft2-1.0.so.0.5000.6
7f8a11e5d000-7f8a11e5e000 rw-p 00019000 fe:03 62035908                   /usr/lib/x86_64-linux-gnu/libpangoft2-1.0.so.0.5000.6
7f8a11e5e000-7f8a11e6a000 r--p 00000000 fe:03 62036561                   /usr/lib/x86_64-linux-gnu/libatk-bridge-2.0.so.0.0.0
7f8a11e6a000-7f8a11e83000 r-xp 0000c000 fe:03 62036561                   /usr/lib/x86_64-linux-gnu/libatk-bridge-2.0.so.0.0.0
7f8a11e83000-7f8a11e92000 r--p 00025000 fe:03 62036561                   /usr/lib/x86_64-linux-gnu/libatk-bridge-2.0.so.0.0.0
7f8a11e92000-7f8a11e93000 ---p 00034000 fe:03 62036561                   /usr/lib/x86_64-linux-gnu/libatk-bridge-2.0.so.0.0.0
7f8a11e93000-7f8a11e94000 r--p 00034000 fe:03 62036561                   /usr/lib/x86_64-linux-gnu/libatk-bridge-2.0.so.0.0.0
7f8a11e94000-7f8a11e96000 rw-p 00035000 fe:03 62036561                   /usr/lib/x86_64-linux-gnu/libatk-bridge-2.0.so.0.0.0
7f8a11e96000-7f8a11ea1000 r--p 00000000 fe:03 62036484                   /usr/lib/x86_64-linux-gnu/libatk-1.0.so.0.23609.1
7f8a11ea1000-7f8a11eb0000 r-xp 0000b000 fe:03 62036484                   /usr/lib/x86_64-linux-gnu/libatk-1.0.so.0.23609.1
7f8a11eb0000-7f8a11ebc000 r--p 0001a000 fe:03 62036484                   /usr/lib/x86_64-linux-gnu/libatk-1.0.so.0.23609.1
7f8a11ebc000-7f8a11ebf000 r--p 00025000 fe:03 62036484                   /usr/lib/x86_64-linux-gnu/libatk-1.0.so.0.23609.1
7f8a11ebf000-7f8a11ec0000 rw-p 00028000 fe:03 62036484                   /usr/lib/x86_64-linux-gnu/libatk-1.0.so.0.23609.1
7f8a11ec0000-7f8a11ed9000 r--p 00000000 fe:03 62032588                   /usr/lib/x86_64-linux-gnu/libX11.so.6.4.0
7f8a11ed9000-7f8a11f65000 r-xp 00019000 fe:03 62032588                   /usr/lib/x86_64-linux-gnu/libX11.so.6.4.0
7f8a11f65000-7f8a11ffa000 r--p 000a5000 fe:03 62032588                   /usr/lib/x86_64-linux-gnu/libX11.so.6.4.0
7f8a11ffa000-7f8a11ffb000 ---p 0013a000 fe:03 62032588                   /usr/lib/x86_64-linux-gnu/libX11.so.6.4.0
7f8a11ffb000-7f8a11ffc000 r--p 0013a000 fe:03 62032588                   /usr/lib/x86_64-linux-gnu/libX11.so.6.4.0
7f8a11ffc000-7f8a12000000 rw-p 0013b000 fe:03 62032588                   /usr/lib/x86_64-linux-gnu/libX11.so.6.4.0
7f8a12000000-7f8a14000000 rw-p 00000000 00:00 0 
7f8a14000000-7f8a14021000 rw-p 00000000 00:00 0 
7f8a14021000-7f8a18000000 ---p 00000000 00:00 0 
7f8a18000000-7f8a18021000 rw-p 00000000 00:00 0 
7f8a18021000-7f8a1c000000 ---p 00000000 00:00 0 
7f8a1c000000-7f8a1c021000 rw-p 00000000 00:00 0 
7f8a1c021000-7f8a20000000 ---p 00000000 00:00 0 
7f8a20000000-7f8a20002000 r--p 00000000 fe:03 62031403                   /usr/lib/x86_64-linux-gnu/libfribidi.so.0.4.0
7f8a20002000-7f8a20005000 r-xp 00002000 fe:03 62031403                   /usr/lib/x86_64-linux-gnu/libfribidi.so.0.4.0
7f8a20005000-7f8a2001a000 r--p 00005000 fe:03 62031403                   /usr/lib/x86_64-linux-gnu/libfribidi.so.0.4.0
7f8a2001a000-7f8a2001b000 r--p 00019000 fe:03 62031403                   /usr/lib/x86_64-linux-gnu/libfribidi.so.0.4.0
7f8a2001b000-7f8a2001c000 rw-p 0001a000 fe:03 62031403                   /usr/lib/x86_64-linux-gnu/libfribidi.so.0.4.0
7f8a2001c000-7f8a20024000 r--p 00000000 fe:03 62033207                   /usr/lib/x86_64-linux-gnu/libgdk_pixbuf-2.0.so.0.4200.8
7f8a20024000-7f8a2003f000 r-xp 00008000 fe:03 62033207                   /usr/lib/x86_64-linux-gnu/libgdk_pixbuf-2.0.so.0.4200.8
7f8a2003f000-7f8a20049000 r--p 00023000 fe:03 62033207                   /usr/lib/x86_64-linux-gnu/libgdk_pixbuf-2.0.so.0.4200.8
7f8a20049000-7f8a2004a000 ---p 0002d000 fe:03 62033207                   /usr/lib/x86_64-linux-gnu/libgdk_pixbuf-2.0.so.0.4200.8
7f8a2004a000-7f8a2004b000 r--p 0002d000 fe:03 62033207                   /usr/lib/x86_64-linux-gnu/libgdk_pixbuf-2.0.so.0.4200.8
7f8a2004b000-7f8a2004c000 rw-p 0002e000 fe:03 62033207                   /usr/lib/x86_64-linux-gnu/libgdk_pixbuf-2.0.so.0.4200.8
7f8a2004c000-7f8a20050000 r--p 00000000 fe:03 62035802                   /usr/lib/x86_64-linux-gnu/libcairo-gobject.so.2.11600.0
7f8a20050000-7f8a20052000 r-xp 00004000 fe:03 62035802                   /usr/lib/x86_64-linux-gnu/libcairo-gobject.so.2.11600.0
7f8a20052000-7f8a20054000 r--p 00006000 fe:03 62035802                   /usr/lib/x86_64-linux-gnu/libcairo-gobject.so.2.11600.0
7f8a20054000-7f8a20055000 ---p 00008000 fe:03 62035802                   /usr/lib/x86_64-linux-gnu/libcairo-gobject.so.2.11600.0
7f8a20055000-7f8a20057000 r--p 00008000 fe:03 62035802                   /usr/lib/x86_64-linux-gnu/libcairo-gobject.so.2.11600.0
7f8a20057000-7f8a20058000 rw-p 0000a000 fe:03 62035802                   /usr/lib/x86_64-linux-gnu/libcairo-gobject.so.2.11600.0
7f8a20058000-7f8a2005a000 r--p 00000000 fe:03 62031581                   /usr/lib/x86_64-linux-gnu/libXfixes.so.3.1.0
7f8a2005a000-7f8a2005d000 r-xp 00002000 fe:03 62031581                   /usr/lib/x86_64-linux-gnu/libXfixes.so.3.1.0
7f8a2005d000-7f8a2005e000 r--p 00005000 fe:03 62031581                   /usr/lib/x86_64-linux-gnu/libXfixes.so.3.1.0
7f8a2005e000-7f8a2005f000 r--p 00006000 fe:03 62031581                   /usr/lib/x86_64-linux-gnu/libXfixes.so.3.1.0
7f8a2005f000-7f8a20060000 rw-p 00007000 fe:03 62031581                   /usr/lib/x86_64-linux-gnu/libXfixes.so.3.1.0
7f8a20060000-7f8a20063000 r--p 00000000 fe:03 62035627                   /usr/lib/x86_64-linux-gnu/libXi.so.6.1.0
7f8a20063000-7f8a2006f000 r-xp 00003000 fe:03 62035627                   /usr/lib/x86_64-linux-gnu/libXi.so.6.1.0
7f8a2006f000-7f8a20072000 r--p 0000f000 fe:03 62035627                   /usr/lib/x86_64-linux-gnu/libXi.so.6.1.0
7f8a20072000-7f8a20073000 r--p 00011000 fe:03 62035627                   /usr/lib/x86_64-linux-gnu/libXi.so.6.1.0
7f8a20073000-7f8a20074000 rw-p 00012000 fe:03 62035627                   /usr/lib/x86_64-linux-gnu/libXi.so.6.1.0
7f8a20074000-7f8a20079000 r--p 00000000 fe:03 62035922                   /usr/lib/x86_64-linux-gnu/libpangocairo-1.0.so.0.5000.6
7f8a20079000-7f8a20081000 r-xp 00005000 fe:03 62035922                   /usr/lib/x86_64-linux-gnu/libpangocairo-1.0.so.0.5000.6
7f8a20081000-7f8a20083000 r--p 0000d000 fe:03 62035922                   /usr/lib/x86_64-linux-gnu/libpangocairo-1.0.so.0.5000.6
7f8a20083000-7f8a20084000 ---p 0000f000 fe:03 62035922                   /usr/lib/x86_64-linux-gnu/libpangocairo-1.0.so.0.5000.6
7f8a20084000-7f8a20085000 r--p 0000f000 fe:03 62035922                   /usr/lib/x86_64-linux-gnu/libpangocairo-1.0.so.0.5000.6
7f8a20085000-7f8a20086000 rw-p 00010000 fe:03 62035922                   /usr/lib/x86_64-linux-gnu/libpangocairo-1.0.so.0.5000.6
7f8a20086000-7f8a20088000 r--p 00000000 fe:03 62031364                   /usr/lib/x86_64-linux-gnu/libmd.so.0.0.5
7f8a20088000-7f8a2008f000 r-xp 00002000 fe:03 62031364                   /usr/lib/x86_64-linux-gnu/libmd.so.0.0.5
7f8a2008f000-7f8a20091000 r--p 00009000 fe:03 62031364                   /usr/lib/x86_64-linux-gnu/libmd.so.0.0.5
7f8a20091000-7f8a20092000 r--p 0000a000 fe:03 62031364                   /usr/lib/x86_64-linux-gnu/libmd.so.0.0.5
7f8a20092000-7f8a20093000 rw-p 0000b000 fe:03 62031364                   /usr/lib/x86_64-linux-gnu/libmd.so.0.0.5
7f8a20093000-7f8a20097000 r--p 00000000 fe:03 62031377                   /usr/lib/x86_64-linux-gnu/libbsd.so.0.11.5
7f8a20097000-7f8a200a4000 r-xp 00004000 fe:03 62031377                   /usr/lib/x86_64-linux-gnu/libbsd.so.0.11.5
7f8a200a4000-7f8a200a7000 r--p 00011000 fe:03 62031377                   /usr/lib/x86_64-linux-gnu/libbsd.so.0.11.5
7f8a200a7000-7f8a200a8000 ---p 00014000 fe:03 62031377                   /usr/lib/x86_64-linux-gnu/libbsd.so.0.11.5
7f8a200a8000-7f8a200a9000 r--p 00014000 fe:03 62031377                   /usr/lib/x86_64-linux-gnu/libbsd.so.0.11.5
7f8a200a9000-7f8a200aa000 rw-p 00015000 fe:03 62031377                   /usr/lib/x86_64-linux-gnu/libbsd.so.0.11.5
7f8a200aa000-7f8a200ab000 rw-p 00000000 00:00 0 
7f8a200ab000-7f8a200ac000 ---p 00000000 00:00 0 
7f8a200ac000-7f8a200b0000 ---p 00000000 00:00 0 
7f8a200b0000-7f8a201ac000 rw-p 00000000 00:00 0 
7f8a201ac000-7f8a201ad000 ---p 00000000 00:00 0 
7f8a201ad000-7f8a201b1000 ---p 00000000 00:00 0 
7f8a201b1000-7f8a202ad000 rw-p 00000000 00:00 0 
7f8a202ad000-7f8a202ae000 ---p 00000000 00:00 0 
7f8a202ae000-7f8a202b2000 ---p 00000000 00:00 0 
7f8a202b2000-7f8a203ae000 rw-p 00000000 00:00 0 
7f8a203ae000-7f8a203af000 ---p 00000000 00:00 0 
7f8a203af000-7f8a203b3000 ---p 00000000 00:00 0 
7f8a203b3000-7f8a204af000 rw-p 00000000 00:00 0 
7f8a204af000-7f8a204b0000 ---p 00000000 00:00 0 
7f8a204b0000-7f8a204b4000 ---p 00000000 00:00 0 
7f8a204b4000-7f8a205b0000 rw-p 00000000 00:00 0 
7f8a205b0000-7f8a205b1000 ---p 00000000 00:00 0 
7f8a205b1000-7f8a205b5000 ---p 00000000 00:00 0 
7f8a205b5000-7f8a206b1000 rw-p 00000000 00:00 0 
7f8a206b1000-7f8a206b6000 r--p 00000000 fe:03 62143671                   /usr/lib/jvm/java-21-openjdk-amd64/lib/libjsvml.so
7f8a206b6000-7f8a206f7000 r-xp 00005000 fe:03 62143671                   /usr/lib/jvm/java-21-openjdk-amd64/lib/libjsvml.so
7f8a206f7000-7f8a20780000 r--p 00046000 fe:03 62143671                   /usr/lib/jvm/java-21-openjdk-amd64/lib/libjsvml.so
7f8a20780000-7f8a20781000 r--p 000ce000 fe:03 62143671                   /usr/lib/jvm/java-21-openjdk-amd64/lib/libjsvml.so
7f8a20781000-7f8a20782000 rw-p 000cf000 fe:03 62143671                   /usr/lib/jvm/java-21-openjdk-amd64/lib/libjsvml.so
7f8a20782000-7f8a20783000 ---p 00000000 00:00 0 
7f8a20783000-7f8a20787000 ---p 00000000 00:00 0 
7f8a20787000-7f8a20883000 rw-p 00000000 00:00 0 
7f8a20883000-7f8a20884000 ---p 00000000 00:00 0 
7f8a20884000-7f8a20888000 ---p 00000000 00:00 0 
7f8a20888000-7f8a20984000 rw-p 00000000 00:00 0 
7f8a20984000-7f8a20985000 ---p 00000000 00:00 0 
7f8a20985000-7f8a20989000 ---p 00000000 00:00 0 
7f8a20989000-7f8a20a85000 rw-p 00000000 00:00 0 
7f8a20a85000-7f8a20a86000 ---p 00000000 00:00 0 
7f8a20a86000-7f8a20a8a000 ---p 00000000 00:00 0 
7f8a20a8a000-7f8a20b86000 rw-p 00000000 00:00 0 
7f8a20b86000-7f8a20b87000 ---p 00000000 00:00 0 
7f8a20b87000-7f8a20b8b000 ---p 00000000 00:00 0 
7f8a20b8b000-7f8a20c87000 rw-p 00000000 00:00 0 
7f8a20c87000-7f8a20c88000 ---p 00000000 00:00 0 
7f8a20c88000-7f8a20c8c000 ---p 00000000 00:00 0 
7f8a20c8c000-7f8a20d88000 rw-p 00000000 00:00 0 
7f8a20d88000-7f8a20d89000 ---p 00000000 00:00 0 
7f8a20d89000-7f8a20d8d000 ---p 00000000 00:00 0 
7f8a20d8d000-7f8a20e89000 rw-p 00000000 00:00 0 
7f8a20e89000-7f8a20e8a000 ---p 00000000 00:00 0 
7f8a20e8a000-7f8a20f8a000 rw-p 00000000 00:00 0 
7f8a20f8a000-7f8a20f8b000 ---p 00000000 00:00 0 
7f8a20f8b000-7f8a2204b000 rw-p 00000000 00:00 0 
7f8a2204b000-7f8a30b0b000 ---p 00000000 00:00 0 
7f8a30b0b000-7f8a30d23000 rw-p 00000000 00:00 0 
7f8a30d23000-7f8a32a7b000 ---p 00000000 00:00 0 
7f8a32a7b000-7f8a32c77000 rw-p 00000000 00:00 0 
7f8a32c77000-7f8a349cf000 ---p 00000000 00:00 0 
7f8a349cf000-7f8a349d3000 rw-p 00000000 00:00 0 
7f8a349d3000-7f8a34e93000 rwxp 00000000 00:00 0 
7f8a34e93000-7f8a3be32000 ---p 00000000 00:00 0 
7f8a3be32000-7f8a3c182000 rwxp 00000000 00:00 0 
7f8a3c182000-7f8a3c573000 ---p 00000000 00:00 0 
7f8a3c573000-7f8a3c7e3000 rwxp 00000000 00:00 0 
7f8a3c7e3000-7f8a439d3000 ---p 00000000 00:00 0 
7f8a439d3000-7f8a4c000000 r--s 00000000 fe:03 62143687                   /usr/lib/jvm/java-21-openjdk-amd64/lib/modules
7f8a4c000000-7f8a4d160000 rw-p 00000000 00:00 0 
7f8a4d160000-7f8a50000000 ---p 00000000 00:00 0 
7f8a50000000-7f8a50001000 r--p 00000000 fe:03 62036419                   /usr/lib/x86_64-linux-gnu/libXinerama.so.1.0.0
7f8a50001000-7f8a50002000 r-xp 00001000 fe:03 62036419                   /usr/lib/x86_64-linux-gnu/libXinerama.so.1.0.0
7f8a50002000-7f8a50003000 r--p 00002000 fe:03 62036419                   /usr/lib/x86_64-linux-gnu/libXinerama.so.1.0.0
7f8a50003000-7f8a50004000 r--p 00003000 fe:03 62036419                   /usr/lib/x86_64-linux-gnu/libXinerama.so.1.0.0
7f8a50004000-7f8a50005000 rw-p 00004000 fe:03 62036419                   /usr/lib/x86_64-linux-gnu/libXinerama.so.1.0.0
7f8a50005000-7f8a50007000 r--p 00000000 fe:03 62031017                   /usr/lib/x86_64-linux-gnu/libgmodule-2.0.so.0.7200.4
7f8a50007000-7f8a50009000 r-xp 00002000 fe:03 62031017                   /usr/lib/x86_64-linux-gnu/libgmodule-2.0.so.0.7200.4
7f8a50009000-7f8a5000a000 r--p 00004000 fe:03 62031017                   /usr/lib/x86_64-linux-gnu/libgmodule-2.0.so.0.7200.4
7f8a5000a000-7f8a5000b000 r--p 00004000 fe:03 62031017                   /usr/lib/x86_64-linux-gnu/libgmodule-2.0.so.0.7200.4
7f8a5000b000-7f8a5000c000 rw-p 00005000 fe:03 62031017                   /usr/lib/x86_64-linux-gnu/libgmodule-2.0.so.0.7200.4
7f8a5000c000-7f8a5000e000 r--p 00000000 fe:03 62032301                   /usr/lib/x86_64-linux-gnu/libXdmcp.so.6.0.0
7f8a5000e000-7f8a50010000 r-xp 00002000 fe:03 62032301                   /usr/lib/x86_64-linux-gnu/libXdmcp.so.6.0.0
7f8a50010000-7f8a50012000 r--p 00004000 fe:03 62032301                   /usr/lib/x86_64-linux-gnu/libXdmcp.so.6.0.0
7f8a50012000-7f8a50013000 r--p 00005000 fe:03 62032301                   /usr/lib/x86_64-linux-gnu/libXdmcp.so.6.0.0
7f8a50013000-7f8a50014000 rw-p 00006000 fe:03 62032301                   /usr/lib/x86_64-linux-gnu/libXdmcp.so.6.0.0
7f8a50014000-7f8a50015000 r--p 00000000 fe:03 62032289                   /usr/lib/x86_64-linux-gnu/libXau.so.6.0.0
7f8a50015000-7f8a50017000 r-xp 00001000 fe:03 62032289                   /usr/lib/x86_64-linux-gnu/libXau.so.6.0.0
7f8a50017000-7f8a50018000 r--p 00003000 fe:03 62032289                   /usr/lib/x86_64-linux-gnu/libXau.so.6.0.0
7f8a50018000-7f8a50019000 r--p 00003000 fe:03 62032289                   /usr/lib/x86_64-linux-gnu/libXau.so.6.0.0
7f8a50019000-7f8a5001a000 rw-p 00004000 fe:03 62032289                   /usr/lib/x86_64-linux-gnu/libXau.so.6.0.0
7f8a5001a000-7f8a50025000 r--p 00000000 fe:03 62032314                   /usr/lib/x86_64-linux-gnu/libxcb.so.1.1.0
7f8a50025000-7f8a50039000 r-xp 0000b000 fe:03 62032314                   /usr/lib/x86_64-linux-gnu/libxcb.so.1.1.0
7f8a50039000-7f8a50042000 r--p 0001f000 fe:03 62032314                   /usr/lib/x86_64-linux-gnu/libxcb.so.1.1.0
7f8a50042000-7f8a50043000 r--p 00027000 fe:03 62032314                   /usr/lib/x86_64-linux-gnu/libxcb.so.1.1.0
7f8a50043000-7f8a50044000 rw-p 00028000 fe:03 62032314                   /usr/lib/x86_64-linux-gnu/libxcb.so.1.1.0
7f8a50044000-7f8a50045000 r-xp 00000000 fe:03 62538647                   /tmp/ffi8HAlXb (deleted)
7f8a50045000-7f8a50046000 rw-p 00000000 00:00 0 
7f8a50046000-7f8a5004d000 r--s 00000000 fe:03 62027207                   /usr/lib/x86_64-linux-gnu/gconv/gconv-modules.cache
7f8a5004d000-7f8a5004e000 ---p 00000000 00:00 0 
7f8a5004e000-7f8a50052000 ---p 00000000 00:00 0 
7f8a50052000-7f8a50070000 rw-p 00000000 00:00 0 
7f8a50070000-7f8a50072000 r--p 00000000 fe:03 62143686                   /usr/lib/jvm/java-21-openjdk-amd64/lib/libzip.so
7f8a50072000-7f8a50077000 r-xp 00002000 fe:03 62143686                   /usr/lib/jvm/java-21-openjdk-amd64/lib/libzip.so
7f8a50077000-7f8a50079000 r--p 00007000 fe:03 62143686                   /usr/lib/jvm/java-21-openjdk-amd64/lib/libzip.so
7f8a50079000-7f8a5007a000 r--p 00008000 fe:03 62143686                   /usr/lib/jvm/java-21-openjdk-amd64/lib/libzip.so
7f8a5007a000-7f8a5007b000 rw-p 00009000 fe:03 62143686                   /usr/lib/jvm/java-21-openjdk-amd64/lib/libzip.so
7f8a5007b000-7f8a5007e000 r--p 00000000 fe:03 62143678                   /usr/lib/jvm/java-21-openjdk-amd64/lib/libnet.so
7f8a5007e000-7f8a50086000 r-xp 00003000 fe:03 62143678                   /usr/lib/jvm/java-21-openjdk-amd64/lib/libnet.so
7f8a50086000-7f8a50088000 r--p 0000b000 fe:03 62143678                   /usr/lib/jvm/java-21-openjdk-amd64/lib/libnet.so
7f8a50088000-7f8a50089000 r--p 0000c000 fe:03 62143678                   /usr/lib/jvm/java-21-openjdk-amd64/lib/libnet.so
7f8a50089000-7f8a5008a000 rw-p 0000d000 fe:03 62143678                   /usr/lib/jvm/java-21-openjdk-amd64/lib/libnet.so
7f8a5008a000-7f8a50091000 r--p 00000000 fe:03 62143679                   /usr/lib/jvm/java-21-openjdk-amd64/lib/libnio.so
7f8a50091000-7f8a5009a000 r-xp 00007000 fe:03 62143679                   /usr/lib/jvm/java-21-openjdk-amd64/lib/libnio.so
7f8a5009a000-7f8a5009e000 r--p 00010000 fe:03 62143679                   /usr/lib/jvm/java-21-openjdk-amd64/lib/libnio.so
7f8a5009e000-7f8a5009f000 ---p 00014000 fe:03 62143679                   /usr/lib/jvm/java-21-openjdk-amd64/lib/libnio.so
7f8a5009f000-7f8a500a0000 r--p 00014000 fe:03 62143679                   /usr/lib/jvm/java-21-openjdk-amd64/lib/libnio.so
7f8a500a0000-7f8a500a1000 rw-p 00015000 fe:03 62143679                   /usr/lib/jvm/java-21-openjdk-amd64/lib/libnio.so
7f8a500a1000-7f8a501be000 rw-p 00000000 00:00 0 
7f8a501be000-7f8a501bf000 ---p 00000000 00:00 0 
7f8a501bf000-7f8a502bf000 rw-p 00000000 00:00 0 
7f8a502bf000-7f8a502c0000 ---p 00000000 00:00 0 
7f8a502c0000-7f8a515d2000 rw-p 00000000 00:00 0 
7f8a515d2000-7f8a515d3000 ---p 00000000 00:00 0 
7f8a515d3000-7f8a516d3000 rw-p 00000000 00:00 0 
7f8a516d3000-7f8a516d4000 ---p 00000000 00:00 0 
7f8a516d4000-7f8a517d4000 rw-p 00000000 00:00 0 
7f8a517d4000-7f8a517d5000 ---p 00000000 00:00 0 
7f8a517d5000-7f8a52ca8000 rw-p 00000000 00:00 0 
7f8a52ca8000-7f8a52d8c000 ---p 00000000 00:00 0 
7f8a52d8c000-7f8a52d96000 rw-p 00000000 00:00 0 
7f8a52d96000-7f8a52e75000 ---p 00000000 00:00 0 
7f8a52e75000-7f8a52e7c000 rw-p 00000000 00:00 0 
7f8a52e7c000-7f8a52e84000 ---p 00000000 00:00 0 
7f8a52e84000-7f8a52e91000 r--p 00000000 fe:03 62143664                   /usr/lib/jvm/java-21-openjdk-amd64/lib/libjava.so
7f8a52e91000-7f8a52e9f000 r-xp 0000d000 fe:03 62143664                   /usr/lib/jvm/java-21-openjdk-amd64/lib/libjava.so
7f8a52e9f000-7f8a52ea4000 r--p 0001b000 fe:03 62143664                   /usr/lib/jvm/java-21-openjdk-amd64/lib/libjava.so
7f8a52ea4000-7f8a52ea5000 ---p 00020000 fe:03 62143664                   /usr/lib/jvm/java-21-openjdk-amd64/lib/libjava.so
7f8a52ea5000-7f8a52ea6000 r--p 00020000 fe:03 62143664                   /usr/lib/jvm/java-21-openjdk-amd64/lib/libjava.so
7f8a52ea6000-7f8a52ea7000 rw-p 00021000 fe:03 62143664                   /usr/lib/jvm/java-21-openjdk-amd64/lib/libjava.so
7f8a52ea7000-7f8a52ea8000 rw-p 00000000 00:00 0 
7f8a52ea8000-7f8a52eb0000 rw-s 00000000 fe:03 62538615                   /tmp/hsperfdata_developer/1
7f8a52eb0000-7f8a52eb1000 ---p 00000000 00:00 0 
7f8a52eb1000-7f8a52eb2000 r--p 00000000 00:00 0 
7f8a52eb2000-7f8a52eb6000 ---p 00000000 00:00 0 
7f8a52eb6000-7f8a52fb2000 rw-p 00000000 00:00 0 
7f8a52fb2000-7f8a52fb5000 r--p 00000000 fe:03 62025949                   /usr/lib/x86_64-linux-gnu/libgcc_s.so.1
7f8a52fb5000-7f8a52fcc000 r-xp 00003000 fe:03 62025949                   /usr/lib/x86_64-linux-gnu/libgcc_s.so.1
7f8a52fcc000-7f8a52fd0000 r--p 0001a000 fe:03 62025949                   /usr/lib/x86_64-linux-gnu/libgcc_s.so.1
7f8a52fd0000-7f8a52fd1000 r--p 0001d000 fe:03 62025949                   /usr/lib/x86_64-linux-gnu/libgcc_s.so.1
7f8a52fd1000-7f8a52fd2000 rw-p 0001e000 fe:03 62025949                   /usr/lib/x86_64-linux-gnu/libgcc_s.so.1
7f8a52fd2000-7f8a52fe0000 r--p 00000000 fe:03 62026078                   /usr/lib/x86_64-linux-gnu/libm.so.6
7f8a52fe0000-7f8a5305c000 r-xp 0000e000 fe:03 62026078                   /usr/lib/x86_64-linux-gnu/libm.so.6
7f8a5305c000-7f8a530b7000 r--p 0008a000 fe:03 62026078                   /usr/lib/x86_64-linux-gnu/libm.so.6
7f8a530b7000-7f8a530b8000 r--p 000e4000 fe:03 62026078                   /usr/lib/x86_64-linux-gnu/libm.so.6
7f8a530b8000-7f8a530b9000 rw-p 000e5000 fe:03 62026078                   /usr/lib/x86_64-linux-gnu/libm.so.6
7f8a530b9000-7f8a53153000 r--p 00000000 fe:03 62025968                   /usr/lib/x86_64-linux-gnu/libstdc++.so.6.0.30
7f8a53153000-7f8a53264000 r-xp 0009a000 fe:03 62025968                   /usr/lib/x86_64-linux-gnu/libstdc++.so.6.0.30
7f8a53264000-7f8a532d3000 r--p 001ab000 fe:03 62025968                   /usr/lib/x86_64-linux-gnu/libstdc++.so.6.0.30
7f8a532d3000-7f8a532d4000 ---p 0021a000 fe:03 62025968                   /usr/lib/x86_64-linux-gnu/libstdc++.so.6.0.30
7f8a532d4000-7f8a532df000 r--p 0021a000 fe:03 62025968                   /usr/lib/x86_64-linux-gnu/libstdc++.so.6.0.30
7f8a532df000-7f8a532e2000 rw-p 00225000 fe:03 62025968                   /usr/lib/x86_64-linux-gnu/libstdc++.so.6.0.30
7f8a532e2000-7f8a532e5000 rw-p 00000000 00:00 0 
7f8a532e5000-7f8a53587000 r--p 00000000 fe:03 62143693                   /usr/lib/jvm/java-21-openjdk-amd64/lib/server/libjvm.so
7f8a53587000-7f8a54402000 r-xp 002a2000 fe:03 62143693                   /usr/lib/jvm/java-21-openjdk-amd64/lib/server/libjvm.so
7f8a54402000-7f8a546dc000 r--p 0111d000 fe:03 62143693                   /usr/lib/jvm/java-21-openjdk-amd64/lib/server/libjvm.so
7f8a546dc000-7f8a547b0000 r--p 013f6000 fe:03 62143693                   /usr/lib/jvm/java-21-openjdk-amd64/lib/server/libjvm.so
7f8a547b0000-7f8a547e0000 rw-p 014ca000 fe:03 62143693                   /usr/lib/jvm/java-21-openjdk-amd64/lib/server/libjvm.so
7f8a547e0000-7f8a54849000 rw-p 00000000 00:00 0 
7f8a54849000-7f8a54871000 r--p 00000000 fe:03 62026066                   /usr/lib/x86_64-linux-gnu/libc.so.6
7f8a54871000-7f8a54a06000 r-xp 00028000 fe:03 62026066                   /usr/lib/x86_64-linux-gnu/libc.so.6
7f8a54a06000-7f8a54a5e000 r--p 001bd000 fe:03 62026066                   /usr/lib/x86_64-linux-gnu/libc.so.6
7f8a54a5e000-7f8a54a5f000 ---p 00215000 fe:03 62026066                   /usr/lib/x86_64-linux-gnu/libc.so.6
7f8a54a5f000-7f8a54a63000 r--p 00215000 fe:03 62026066                   /usr/lib/x86_64-linux-gnu/libc.so.6
7f8a54a63000-7f8a54a65000 rw-p 00219000 fe:03 62026066                   /usr/lib/x86_64-linux-gnu/libc.so.6
7f8a54a65000-7f8a54a72000 rw-p 00000000 00:00 0 
7f8a54a72000-7f8a54a74000 r--p 00000000 fe:03 62143668                   /usr/lib/jvm/java-21-openjdk-amd64/lib/libjli.so
7f8a54a74000-7f8a54a7e000 r-xp 00002000 fe:03 62143668                   /usr/lib/jvm/java-21-openjdk-amd64/lib/libjli.so
7f8a54a7e000-7f8a54a81000 r--p 0000c000 fe:03 62143668                   /usr/lib/jvm/java-21-openjdk-amd64/lib/libjli.so
7f8a54a81000-7f8a54a82000 ---p 0000f000 fe:03 62143668                   /usr/lib/jvm/java-21-openjdk-amd64/lib/libjli.so
7f8a54a82000-7f8a54a83000 r--p 0000f000 fe:03 62143668                   /usr/lib/jvm/java-21-openjdk-amd64/lib/libjli.so
7f8a54a83000-7f8a54a84000 rw-p 00010000 fe:03 62143668                   /usr/lib/jvm/java-21-openjdk-amd64/lib/libjli.so
7f8a54a84000-7f8a54a86000 r--p 00000000 fe:03 1878586                    /usr/lib/x86_64-linux-gnu/libz.so.1.2.11
7f8a54a86000-7f8a54a97000 r-xp 00002000 fe:03 1878586                    /usr/lib/x86_64-linux-gnu/libz.so.1.2.11
7f8a54a97000-7f8a54a9d000 r--p 00013000 fe:03 1878586                    /usr/lib/x86_64-linux-gnu/libz.so.1.2.11
7f8a54a9d000-7f8a54a9e000 ---p 00019000 fe:03 1878586                    /usr/lib/x86_64-linux-gnu/libz.so.1.2.11
7f8a54a9e000-7f8a54a9f000 r--p 00019000 fe:03 1878586                    /usr/lib/x86_64-linux-gnu/libz.so.1.2.11
7f8a54a9f000-7f8a54aa0000 rw-p 0001a000 fe:03 1878586                    /usr/lib/x86_64-linux-gnu/libz.so.1.2.11
7f8a54aa0000-7f8a54aa2000 r--p 00000000 fe:03 62143667                   /usr/lib/jvm/java-21-openjdk-amd64/lib/libjimage.so
7f8a54aa2000-7f8a54aa5000 r-xp 00002000 fe:03 62143667                   /usr/lib/jvm/java-21-openjdk-amd64/lib/libjimage.so
7f8a54aa5000-7f8a54aa6000 r--p 00005000 fe:03 62143667                   /usr/lib/jvm/java-21-openjdk-amd64/lib/libjimage.so
7f8a54aa6000-7f8a54aa7000 ---p 00006000 fe:03 62143667                   /usr/lib/jvm/java-21-openjdk-amd64/lib/libjimage.so
7f8a54aa7000-7f8a54aa8000 r--p 00006000 fe:03 62143667                   /usr/lib/jvm/java-21-openjdk-amd64/lib/libjimage.so
7f8a54aa8000-7f8a54aa9000 rw-p 00007000 fe:03 62143667                   /usr/lib/jvm/java-21-openjdk-amd64/lib/libjimage.so
7f8a54aa9000-7f8a54aab000 rw-p 00000000 00:00 0 
7f8a54aab000-7f8a54aad000 r--p 00000000 fe:03 62026051                   /usr/lib/x86_64-linux-gnu/ld-linux-x86-64.so.2
7f8a54aad000-7f8a54ad7000 r-xp 00002000 fe:03 62026051                   /usr/lib/x86_64-linux-gnu/ld-linux-x86-64.so.2
7f8a54ad7000-7f8a54ae2000 r--p 0002c000 fe:03 62026051                   /usr/lib/x86_64-linux-gnu/ld-linux-x86-64.so.2
7f8a54ae2000-7f8a54ae3000 ---p 00000000 00:00 0 
7f8a54ae3000-7f8a54ae5000 r--p 00037000 fe:03 62026051                   /usr/lib/x86_64-linux-gnu/ld-linux-x86-64.so.2
7f8a54ae5000-7f8a54ae7000 rw-p 00039000 fe:03 62026051                   /usr/lib/x86_64-linux-gnu/ld-linux-x86-64.so.2
7ffc89b9c000-7ffc89bbd000 rw-p 00000000 00:00 0                          [stack]
7ffc89bc0000-7ffc89bc4000 r--p 00000000 00:00 0                          [vvar]
7ffc89bc4000-7ffc89bc6000 r-xp 00000000 00:00 0                          [vdso]
Total number of mappings: 893

JVMTI agents: none


VM Arguments:
jvm_args: -Djava.util.logging.level=FINE -Djava.util.logging.ConsoleHandler.level=FINE 
java_command: odm-gtk/target/odm-gtk-0.1.0-SNAPSHOT-jar-with-dependencies.jar
java_class_path (initial): odm-gtk/target/odm-gtk-0.1.0-SNAPSHOT-jar-with-dependencies.jar
Launcher Type: SUN_STANDARD

[Global flags]
     intx CICompilerCount                          = 12                                        {product} {ergonomic}
     uint ConcGCThreads                            = 5                                         {product} {ergonomic}
     uint G1ConcRefinementThreads                  = 18                                        {product} {ergonomic}
   size_t G1HeapRegionSize                         = 8388608                                   {product} {ergonomic}
    uintx GCDrainStackTargetSize                   = 64                                        {product} {ergonomic}
   size_t InitialHeapSize                          = 1056964608                                {product} {ergonomic}
   size_t MarkStackSize                            = 4194304                                   {product} {ergonomic}
   size_t MaxHeapSize                              = 16819159040                               {product} {ergonomic}
   size_t MaxNewSize                               = 10091495424                               {product} {ergonomic}
   size_t MinHeapDeltaBytes                        = 8388608                                   {product} {ergonomic}
   size_t MinHeapSize                              = 8388608                                   {product} {ergonomic}
    uintx NonNMethodCodeHeapSize                   = 7602480                                {pd product} {ergonomic}
    uintx NonProfiledCodeHeapSize                  = 122027880                              {pd product} {ergonomic}
    uintx ProfiledCodeHeapSize                     = 122027880                              {pd product} {ergonomic}
    uintx ReservedCodeCacheSize                    = 251658240                              {pd product} {ergonomic}
     bool SegmentedCodeCache                       = true                                      {product} {ergonomic}
   size_t SoftMaxHeapSize                          = 16819159040                            {manageable} {ergonomic}
     bool UseCompressedOops                        = true                           {product lp64_product} {ergonomic}
     bool UseG1GC                                  = true                                      {product} {ergonomic}

Logging:
Log output configuration:
 #0: stdout all=warning uptime,level,tags foldmultilines=false
 #1: stderr all=off uptime,level,tags foldmultilines=false

Environment Variables:
JAVA_HOME=/usr/lib/jvm/java-21-openjdk-amd64
PATH=/usr/lib/jvm/java-21-openjdk-amd64/bin:/usr/local/sbin:/usr/local/bin:/usr/sbin:/usr/bin:/sbin:/bin
DISPLAY=:1

Active Locale:
LC_ALL=C
LC_COLLATE=C
LC_CTYPE=C
LC_MESSAGES=C
LC_MONETARY=C
LC_NUMERIC=C
LC_TIME=C

Signal Handlers:
   SIGSEGV: crash_handler in libjvm.so, mask=11100100010111111101111111111110, flags=SA_RESTART|SA_SIGINFO, unblocked
    SIGBUS: crash_handler in libjvm.so, mask=11100100010111111101111111111110, flags=SA_RESTART|SA_SIGINFO, unblocked
    SIGFPE: crash_handler in libjvm.so, mask=11100100010111111101111111111110, flags=SA_RESTART|SA_SIGINFO, unblocked
   SIGPIPE: SIG_IGN, mask=00000000000010000000000000000000, flags=SA_RESTART, blocked
  *** Handler was modified!
  *** Expected: javaSignalHandler in libjvm.so, mask=11100100110111111111111111111110, flags=SA_RESTART|SA_SIGINFO
   SIGXFSZ: javaSignalHandler in libjvm.so, mask=11100100010111111101111111111110, flags=SA_RESTART|SA_SIGINFO, blocked
    SIGILL: crash_handler in libjvm.so, mask=11100100010111111101111111111110, flags=SA_RESTART|SA_SIGINFO, unblocked
   SIGUSR2: SR_handler in libjvm.so, mask=00000000000000000000000000000000, flags=SA_RESTART|SA_SIGINFO, blocked
    SIGHUP: UserHandler in libjvm.so, mask=11100100010111111101111111111110, flags=SA_RESTART|SA_SIGINFO, blocked
    SIGINT: UserHandler in libjvm.so, mask=11100100010111111101111111111110, flags=SA_RESTART|SA_SIGINFO, blocked
   SIGTERM: UserHandler in libjvm.so, mask=11100100010111111101111111111110, flags=SA_RESTART|SA_SIGINFO, blocked
   SIGQUIT: UserHandler in libjvm.so, mask=11100100010111111101111111111110, flags=SA_RESTART|SA_SIGINFO, blocked
   SIGTRAP: crash_handler in libjvm.so, mask=11100100010111111101111111111110, flags=SA_RESTART|SA_SIGINFO, unblocked


Periodic native trim disabled

---------------  S Y S T E M  ---------------

OS:
DISTRIB_ID=Ubuntu
DISTRIB_RELEASE=22.04
DISTRIB_CODENAME=jammy
DISTRIB_DESCRIPTION="Ubuntu 22.04.5 LTS"
uname: Linux 6.1.0-kali9-amd64 #1 SMP PREEMPT_DYNAMIC Debian 6.1.27-1kali1 (2023-05-12) x86_64
OS uptime: 34 days 15:42 hours
libc: glibc 2.35 NPTL 2.35 
rlimit (soft/hard): STACK 8192k/infinity , CORE infinity/infinity , NPROC infinity/infinity , NOFILE 1073741816/1073741816 , AS infinity/infinity , CPU infinity/infinity , DATA infinity/infinity , FSIZE infinity/infinity , MEMLOCK 8192k/8192k
load average: 0.40 0.49 0.52

/proc/meminfo:
MemTotal:       65680288 kB
MemFree:         1967232 kB
MemAvailable:   24653592 kB
Buffers:         2641520 kB
Cached:         25889596 kB
SwapCached:       223416 kB
Active:         28305384 kB
Inactive:       30865080 kB
Active(anon):   16341772 kB
Inactive(anon): 22545532 kB
Active(file):   11963612 kB
Inactive(file):  8319548 kB
Unevictable:        1664 kB
Mlocked:            1664 kB
SwapTotal:       2150396 kB
SwapFree:            208 kB
Zswap:                 0 kB
Zswapped:              0 kB
Dirty:             50112 kB
Writeback:             0 kB
AnonPages:      30022392 kB
Mapped:          2183492 kB
Shmem:           8247948 kB
KReclaimable:    3145128 kB
Slab:            3704424 kB
SReclaimable:    3145128 kB
SUnreclaim:       559296 kB
KernelStack:       52808 kB
PageTables:       178548 kB
SecPageTables:         0 kB
NFS_Unstable:          0 kB
Bounce:                0 kB
WritebackTmp:          0 kB
CommitLimit:    34990540 kB
Committed_AS:   85220452 kB
VmallocTotal:   34359738367 kB
VmallocUsed:      167200 kB
VmallocChunk:          0 kB
Percpu:            25152 kB
HardwareCorrupted:     0 kB
AnonHugePages:  18118656 kB
ShmemHugePages:        0 kB
ShmemPmdMapped:        0 kB
FileHugePages:         0 kB
FilePmdMapped:         0 kB
HugePages_Total:       0
HugePages_Free:        0
HugePages_Rsvd:        0
HugePages_Surp:        0
Hugepagesize:       2048 kB
Hugetlb:               0 kB
DirectMap4k:     9518952 kB
DirectMap2M:    56379392 kB
DirectMap1G:     3145728 kB

/sys/kernel/mm/transparent_hugepage/enabled: [always] madvise never
/sys/kernel/mm/transparent_hugepage/hpage_pmd_size: 2097152
/sys/kernel/mm/transparent_hugepage/defrag (defrag/compaction efforts parameter): always defer defer+madvise [madvise] never

Process Memory:
Virtual Size: 22949264K (peak: 22993992K)
Resident Set Size: 206508K (peak: 206508K) (anon: 154632K, file: 51628K, shmem: 248K)
Swapped out: 0K
C-Heap outstanding allocations: 65857K, retained: 35266K
glibc malloc tunables: (default)

/proc/sys/kernel/threads-max (system-wide limit on the number of threads): 512375
/proc/sys/vm/max_map_count (maximum number of memory map areas a process may have): 1048576
/proc/sys/vm/swappiness (control to define how aggressively the kernel swaps out anonymous memory): 60
/proc/sys/kernel/pid_max (system-wide limit on number of process identifiers): 4194304

container (cgroup) information:
container_type: cgroupv2
cpu_cpuset_cpus: not supported
cpu_memory_nodes: not supported
active_processor_count: 24
cpu_quota: no quota
cpu_period: 100000
cpu_shares: no shares
memory_limit_in_bytes: unlimited
memory_and_swap_limit_in_bytes: unlimited
memory_soft_limit_in_bytes: 0
memory_usage_in_bytes: 613408 k
memory_max_usage_in_bytes: not supported
memory_swap_current_in_bytes: 0
memory_swap_max_limit_in_bytes: unlimited
maximum number of tasks: 76856
current number of tasks: 62

Steal ticks since vm start: 0
Steal ticks percentage since vm start:  0.000

CPU: total 24 (initial active 24) (12 cores per cpu, 2 threads per core) family 6 model 151 stepping 2 microcode 0x3a, cx8, cmov, fxsr, ht, mmx, 3dnowpref, sse, sse2, sse3, ssse3, sse4.1, sse4.2, popcnt, lzcnt, tsc, tscinvbit, avx, avx2, aes, erms, clmul, bmi1, bmi2, adx, sha, fma, vzeroupper, clflush, clflushopt, clwb, serialize, rdtscp, rdpid, fsrm, f16c, pku, ospke, cet_ibt, cet_ss
CPU Model and flags from /proc/cpuinfo:
model name	: 12th Gen Intel(R) Core(TM) i9-12900KF
flags		: fpu vme de pse tsc msr pae mce cx8 apic sep mtrr pge mca cmov pat pse36 clflush dts acpi mmx fxsr sse sse2 ss ht tm pbe syscall nx pdpe1gb rdtscp lm constant_tsc art arch_perfmon pebs bts rep_good nopl xtopology nonstop_tsc cpuid aperfmperf tsc_known_freq pni pclmulqdq dtes64 monitor ds_cpl vmx est tm2 ssse3 sdbg fma cx16 xtpr pdcm pcid sse4_1 sse4_2 x2apic movbe popcnt tsc_deadline_timer aes xsave avx f16c rdrand lahf_lm abm 3dnowprefetch cpuid_fault invpcid_single ssbd ibrs ibpb stibp ibrs_enhanced tpr_shadow vnmi flexpriority ept vpid ept_ad fsgsbase tsc_adjust bmi1 avx2 smep bmi2 erms invpcid rdseed adx smap clflushopt clwb intel_pt sha_ni xsaveopt xsavec xgetbv1 xsaves split_lock_detect avx_vnni dtherm ida arat pln pts hwp hwp_notify hwp_act_window hwp_epp hwp_pkg_req hfi umip pku ospke waitpkg gfni vaes vpclmulqdq rdpid movdiri movdir64b fsrm md_clear serialize arch_lbr ibt flush_l1d arch_capabilities

Online cpus: 0-23
Offline cpus: 
BIOS frequency limitation: <Not Available>
Frequency switch latency (ns): 0
Available cpu frequencies: <Not Available>
Current governor: powersave
Core performance/turbo boost: <Not Available>

Memory: 4k page, physical 65680288k(24653100k free), swap 2150396k(208k free)
Page Sizes: 4k

vm_info: OpenJDK 64-Bit Server VM (21.0.8+9-Ubuntu-0ubuntu122.04.1) for linux-amd64 JRE (21.0.8+9-Ubuntu-0ubuntu122.04.1), built on 2025-07-16T21:56:18Z by "buildd" with gcc 12.3.0

END.
